NUM_CONDITIONAL,NUM_SWITCH,NUM_TYPE_ACCESS,NUM_INVOCATION,NUM_IF,NUM_ASSIGN,NUM_TYPED_ELEMENTS,NUM_VAR_ACCESS,NUM_FIELD_ACCESS,NUM_LOCAL,NUM_PACKAGE,NUM_LOC,LOC_RATIO,CON_LOC,CON_ASSERT,CON_CONDITIONAL,CON_SWITCH,CON_TYPE_ACCESS,CON_INVOCATION,CON_IF,CON_ASSIGN,CON_TYPED_ELEMENTS,CON_VAR_ACCESS,CON_FIELD_ACCESS,CON_LOCAL,CON_PACKAGE,VAR_ACCESS_COUPLING,VAR_ACCESS_COUPLING_2,VAR_ACCESS_COHESION,VAR_ACCESS_COHESION_2,FIELD_ACCESS_COUPLING,FIELD_ACCESS_COUPLING_2,FIELD_ACCESS_COHESION,FIELD_ACCESS_COHESION_2,INVOCATION_COUPLING,INVOCATION_COHESION,TYPED_ELEMENTS_COUPLING,TYPED_ELEMENTS_COHESION,TYPE_ACCESS_COUPLING,TYPE_ACCESS_COUPLING_2,TYPE_ACCESS_COHESION,TYPE_ACCESS_COHESION_2,PACKAGE_COUPLING,PACKAGE_COUPLING_2,PACKAGE_COHESION,PACKAGE_COHESION_2
0,0,2,1,0,0,30,4,2,1,37,3,0.142857142857143,18,0,0,0,26,11,0,0,276,43,25,7,345,1,0,0,0,1,0,0,0,1,0,1,0,0.105263157894737,0,1,0,0.110204081632653,0,1,0
0,0,1,2,0,0,7,3,0,0,16,3,0.142857142857143,18,0,0,0,27,10,0,0,299,44,27,8,366,1,0.166666666666667,0,0.5,0,0,0,0,1,0,1,0,0.052631578947369,0,0.5,0,0.070422535211268,0,1,0
0,0,2,2,0,0,39,6,2,1,51,4,0.190476190476191,17,0,0,0,26,10,0,0,267,41,25,7,331,1,0.166666666666667,0.5,0.5,0.5,0,0,0,1,0.5,1,0.5,0.105263157894737,0,0.5,0,0.146938775510204,0.098591549295775,1,1
0,0,17,9,0,0,247,33,17,7,303,17,0.80952380952381,4,0,0,0,11,3,0,0,67,14,10,1,79,1,0.75,0,0.5,1,0.666666666666667,0,0,1,0,1,0.5,1,0.789473684210526,0,0.5,1,0.869387755102041,0,1
0,0,6,4,0,0,105,14,6,3,131,8,0.380952380952381,13,0,0,0,22,8,0,0,203,33,21,5,251,1,0.333333333333333,0,0.5,1,0,0,0,1,0,1,0,0.31578947368421,0,0.5,0,0.391836734693877,0.267605633802817,1,1
0,0,13,6,0,0,193,25,13,6,232,13,0.619047619047619,8,0,0,0,15,6,0,0,118,22,14,2,150,1,0,0,0,1,0,0,0,1,0,1,0.5,1,0.578947368421053,0,0.5,1,0.685714285714286,0,1
0,0,16,8,0,0,238,31,16,7,289,16,0.761904761904762,5,0,0,0,12,4,0,0,75,16,11,1,93,1,0.666666666666667,0,0.5,1,0.333333333333333,0,0,1,0,1,0,1,0.736842105263158,0,0.5,1,0.844897959183673,0,1
0,0,5,8,3,0,45,15,1,3,83,15,0.681818181818182,7,0,0,0,2,1,1,0,11,2,1,2,20,1,1,0,0,1,0,0,0,1,0,1,0,1,0,0,0,1,1,0,1
0,0,2,2,0,1,7,2,0,0,11,2,0.035714285714286,54,0,0,0,26,46,7,2,174,54,7,12,248,0.333333333333333,0,0,0,0,0,0,0,1,0,1,0,1,0,0,0,1,0.133333333333333,0,0
0,0,1,2,0,0,7,3,0,1,13,3,0.111111111111111,24,0,1,0,4,14,4,1,65,22,0,9,79,1,0.5,0.083333333333333,0.083333333333333,0,0,0,0,1,0.083333333333333,1,0.083333333333333,1,0,0.083333333333333,0,1,0,0.083333333333333,0
0,0,2,1,0,0,7,2,2,0,8,2,0.2,8,0,0,0,2,1,2,1,14,5,2,0,23,1,0,0,0,1,0,0,0,1,0,1,0,0.666666666666667,0,0,0,0.4,0,1,0
0,0,8,12,0,0,32,4,4,0,29,5,0.714285714285714,2,0,0,0,2,0,0,1,7,3,2,0,14,0.666666666666667,0,1,0,0.666666666666667,0,1,0,1,1,1,1,1,0.714285714285714,0,1,1,0.638888888888889,0,1
0,0,1,1,0,0,2,0,0,0,4,2,0.105263157894737,17,0,0,0,6,10,2,0,45,14,4,5,82,0,0,0,0,0,0,0,0,1,0,1,0,1,0,0,0,0,0,0,0
0,0,0,1,0,0,3,1,0,1,5,2,0.03448275862069,56,0,0,0,17,20,13,1,145,49,0,17,161,0.5,0,0,0,0,0,0,0,1,0,1,0,0,0,0,0,0,0,0,0
0,0,7,7,2,0,41,16,7,0,89,13,1,0,0,0,0,0,0,0,0,0,0,0,0,0,1,1,1,0.2,1,0,0.2,0,1,0.2,1,0.4,1,0,0.4,0,1,0,0.4,0
0,0,10,6,3,1,45,13,7,2,66,13,0.8125,3,0,0,0,1,1,1,0,6,2,0,1,10,1,1,0.666666666666667,0.333333333333333,1,0,0.333333333333333,0,1,0.333333333333333,1,0.666666666666667,1,0,0.666666666666667,0,1,0,1,0
0,0,1,1,0,0,6,3,1,0,18,2,0.25,6,0,0,0,5,2,0,0,15,6,4,1,28,1,0.5,0,0.333333333333333,0.5,0,0.333333333333333,0,1,0,1,0,0.2,0,1,0,1,0.666666666666667,0,0.333333333333333
0,0,1,1,0,0,4,1,0,1,7,2,0.046511627906977,41,0,0,0,20,33,10,6,161,54,8,5,296,0.083333333333333,0,0.75,0,0,0,0,0,1,0,1,0,1,0,0,0,1,0.222222222222222,0,0
0,0,0,2,0,0,4,2,0,0,6,2,0.016806722689076,117,0,1,2,27,49,13,10,252,82,5,20,311,0.2,0,0.4,0,0,0,0,0,0.333333333333333,0.2,0.333333333333333,0.2,0,0,0,0,0.115384615384615,0,0.4,0
0,0,0,1,0,0,1,0,0,0,2,1,0.041666666666667,23,0,0,0,8,7,4,2,42,15,7,2,62,0,0,0,0,0,0,0,0,1,0,1,0,0,0,0,0,0.4,0,0,0
0,0,0,1,0,0,3,2,0,0,6,2,0.125,14,0,0,0,5,12,0,1,47,21,4,5,98,0.333333333333333,0.25,0.2,0.3,0,0,0,0,0.5,0.1,0.5,0.1,0,0,0,0,0.12,0,0.4,0
0,0,2,4,0,0,9,2,0,0,10,3,0.375,5,0,0,0,11,9,0,0,31,7,5,2,43,0.666666666666667,0,0.375,0,0,0,0,0,1,0.125,1,0.125,1,0.5,0.125,0.25,0.5,0,0.25,0
0,0,19,27,5,2,181,54,13,12,257,43,0.934782608695652,3,0,0,0,3,1,1,1,8,2,2,0,13,1,1,0.263157894736842,0.263157894736842,1,0,0,0,1,0.157894736842105,1,0.263157894736842,1,1,0.105263157894737,0.052631578947369,1,1,0.526315789473684,0.052631578947369
0,0,5,8,1,0,29,11,3,1,53,9,1,0,0,0,0,0,0,0,0,0,0,0,0,0,1,1,0.833333333333333,0.166666666666667,1,0,0.166666666666667,0,1,0,1,0.833333333333333,1,0,0.333333333333333,0,1,0,0.5,0
0,0,1,3,1,0,10,3,0,0,16,4,0.266666666666667,11,0,0,0,8,18,0,0,50,22,3,2,133,0.5,0,0,0,0,0,0,0,1,0,1,0,0.111111111111111,0,1,0,0.461538461538462,0,0,0
0,0,0,2,0,0,5,3,1,0,11,2,0.111111111111111,16,0,0,0,13,24,1,0,71,28,4,4,180,1,0.090909090909091,0,1,1,0,0,0,1,0,1,0,0,0,0,0,0.036363636363636,0,1,0
0,0,3,7,1,0,21,6,0,0,37,4,0.181818181818182,18,0,0,0,16,24,1,0,83,32,7,6,180,1,0,0,0,0,0,0,0,1,0,1,0,0.3,0,1,0,1,0,0,0
0,0,0,2,0,0,5,3,1,0,11,2,0.117647058823529,15,0,0,0,12,23,1,0,68,27,4,4,171,1,0.1,0,1,1,0,0,0,1,0,1,0,0,0,0,0,0.03921568627451,0,1,0
0,0,0,1,0,0,3,1,1,0,4,2,0.064516129032258,29,0,0,0,5,14,8,0,68,23,9,4,88,0.166666666666667,0,0,0,0.166666666666667,0,0,0,1,0,1,0,0,0,0,0,0.051282051282051,0.03448275862069,0,0.666666666666667
0,0,1,4,1,0,24,9,0,2,40,8,0.2,32,0,0,0,9,18,8,1,77,24,1,6,179,1,0.666666666666667,0.083333333333333,0.166666666666667,0,0,0,0,1,0.083333333333333,1,0.083333333333333,0.5,0,0.166666666666667,0,0.243243243243243,0,0.416666666666667,0
0,0,4,4,1,0,14,3,2,1,34,5,0.833333333333333,1,0,0,0,0,0,0,0,1,0,0,0,0,1,0,1,0,1,0,1,0,1,0,1,0,1,0,0,0,0,0,0,0
0,0,3,2,0,0,9,2,2,1,16,2,0.333333333333333,4,0,0,0,3,3,1,0,9,2,1,0,13,1,0.5,0,1,1,0.5,0,1,1,0,1,0,1,0.5,0,0,1,0,0,0
0,0,2,1,0,0,8,2,1,0,14,2,0.033333333333333,58,0,0,0,23,33,8,4,149,45,10,11,246,1,0.5,0,0,1,0,0,0,1,0,1,0,1,0.5,0,0,0.5,0,0,0
0,0,5,3,1,0,14,1,0,1,19,5,0.113636363636364,39,0,0,0,42,31,7,7,123,23,2,8,178,1,0,0.166666666666667,0,0,0,0,0,1,0.166666666666667,1,0.166666666666667,1,0.1,0.166666666666667,0.833333333333333,0.428571428571429,0.12396694214876,0.333333333333333,0.833333333333333
0,0,1,1,0,0,4,1,1,0,5,2,0.25,6,0,0,0,14,7,0,1,50,13,11,2,77,0.2,0,0.571428571428571,0,0.2,0,0.571428571428571,0,1,0.142857142857143,1,0.142857142857143,0.2,0,0.571428571428571,0,0.2,0.111111111111111,0.571428571428571,0.857142857142857
0,0,1,1,0,0,6,2,1,1,8,2,0.166666666666667,10,0,0,0,8,10,0,0,40,16,1,4,131,1,0,0,0,1,0,0,0,1,0,1,0,0.333333333333333,0,0.222222222222222,0,0.6,0.294117647058824,0,0.333333333333333
0,0,1,1,0,0,6,2,1,1,14,2,0.1,18,1,0,0,16,13,2,3,61,21,11,2,109,1,0,0,0,1,0,0,0,1,0,1,0,0.071428571428572,0,1,0,0.266666666666667,0,0,0
0,0,6,5,0,3,28,8,6,0,41,5,0.25,15,1,0,0,11,9,2,0,44,15,6,3,82,1,0,0,0,1,0,0,0,1,0,1,0,0.428571428571429,0,1,0,1,0.54,0,1
0,0,0,1,0,0,5,3,0,0,3,2,0.029850746268657,65,0,0,0,16,24,6,2,138,48,11,10,267,0.25,0.125,1,1,0,0,0,0,0.5,1,0.5,1,0,0,0,0,0,0,0,0
0,0,2,2,0,0,8,2,0,1,11,3,0.090909090909091,30,0,0,0,12,15,4,0,73,23,1,5,93,1,0.5,0.1,0.1,0,0,0,0,1,0.1,1,0.1,1,0,0.1,0,1,0,0.1,0
0,0,4,4,2,0,25,9,4,1,42,9,0.236842105263158,29,0,0,0,13,21,8,2,83,33,12,3,164,1,0,0,0,1,0,0,0,1,0,1,0,0.235294117647059,0,0.666666666666667,0,1,0.254237288135593,0,1
0,0,1,2,0,0,6,1,0,1,5,2,0.133333333333333,13,0,0,0,2,6,1,0,33,9,1,2,22,0.2,0,0,0,0,0,0,0,1,0,1,0,0.333333333333333,0,1,0,0.5,0.230769230769231,1,1
0,0,1,2,0,0,4,1,0,0,8,2,0.117647058823529,15,0,0,0,5,6,2,0,35,11,2,2,53,0.5,0,0.5,0,0,0,0,0,1,0,1,0,1,0,0.5,0,1,0,0.5,0
0,0,1,2,0,0,10,4,1,0,15,2,0.066666666666667,28,0,0,0,8,23,5,0,80,31,8,6,138,0.333333333333333,0,0.25,0,0.333333333333333,0,0.25,0,1,0,1,0,0.111111111111111,0,0.5,0,0.333333333333333,0.083333333333333,0.25,0.875
0,0,0,1,0,0,3,2,0,0,13,2,0.2,8,0,1,0,5,8,1,0,33,14,5,5,76,0.333333333333333,0,0,0,0,0,0,0,1,0,1,0,0,0,0,0,0.428571428571429,0,0,0
0,0,1,1,0,0,6,2,1,1,14,2,0.2,8,0,0,0,3,3,1,0,20,9,0,1,48,1,0,0,0,1,0,0,0,1,0,1,0,0.333333333333333,0,1,0,1,0.25,0,1
0,0,1,1,1,0,12,6,0,0,25,4,0.4,6,0,0,0,3,3,0,0,14,5,1,2,37,1,0,0.5,0,0,0,0,0,0.5,1,1,0.5,0.333333333333333,0,1,0,0.4375,0,1,0
0,0,1,1,0,0,5,2,0,0,17,2,0.285714285714286,5,0,0,0,2,2,0,0,9,3,1,1,20,1,0,1,0,0,0,0,0,1,1,1,1,0.5,0,1,0,0.555555555555556,0,1,0
0,0,1,2,0,0,5,1,0,0,6,3,0.333333333333333,6,0,0,0,7,9,0,0,24,5,2,2,51,1,0,0,0,0,0,0,0,1,0,1,0,0.2,0,0.25,0,0.333333333333333,0.214285714285714,0,0.25
0,0,2,2,1,0,12,6,0,0,16,6,0.352941176470588,11,0,0,0,6,12,2,0,40,12,0,4,75,1,0,0.333333333333333,0,0,0,0,0,1,0.333333333333333,1,0.333333333333333,0.666666666666667,0,0.333333333333333,0,0.666666666666667,0,0.333333333333333,0
0,0,1,3,0,0,7,3,0,0,18,2,0.25,6,0,0,0,0,2,0,0,16,7,0,3,27,0.333333333333333,0,0.6,0,0,0,0,0,1,0,1,0,1,0,0.2,0,0.333333333333333,0,1,0
0,0,1,4,0,1,13,6,0,0,49,2,0.068965517241379,27,0,0,0,5,23,2,3,85,36,0,7,195,1,0.428571428571429,0.125,0.125,0,0,0,0,1,0.125,1,0.125,1,0,0.125,0,1,0,0.125,0
0,0,2,2,0,0,5,0,0,0,5,2,0.333333333333333,4,0,0,0,2,3,1,0,8,1,0,0,6,0,0,0,0,0,0,0,0,1,0,1,0,0.5,0,0,0,0.5,0.5,1,0
0,0,0,2,0,0,2,0,0,0,0,2,0.064516129032258,29,0,0,0,3,26,9,2,63,16,0,2,69,0,0,0,0,0,0,0,0,1,0,1,0,0,0,0,0,0,0,0,0
0,0,2,1,0,0,8,3,1,0,15,2,0.4,3,0,0,0,1,2,0,0,10,4,0,2,42,1,0,0.25,0,1,0,0,0,1,0,1,0,1,0,0.25,0,1,0,0.25,0
0,0,0,1,0,0,3,1,0,1,5,2,0.125,14,0,0,0,12,13,0,1,54,16,0,8,110,0.5,0,0.333333333333333,0,0,0,0,0,1,0.166666666666667,1,0,0,0,0,0,0,0,0,0
0,0,7,10,3,2,42,13,2,1,72,15,0.6,10,0,0,0,2,3,1,0,15,4,1,1,33,1,1,1,0,1,0,1,0,1,1,1,1,1,0.833333333333333,1,1,1,0.857142857142857,1,1
0,0,474,289,89,107,1814,538,296,28,1750,441,0.717073170731707,174,0,0,0,178,108,30,41,727,223,128,16,696,1,1,0,0,1,1,0,0,1,0,1,0,1,1,0,0,0.75,0.72279792746114,0,1
0,0,11,8,2,0,46,12,7,3,50,11,0.017886178861789,604,0,0,0,641,389,117,148,2495,749,417,41,2396,0.1,0.071428571428572,0,0,0.071428571428572,0,0,0,1,0,1,0,0.333333333333333,0,0,0,0.027777777777778,0.022617124394184,0,0
0,0,0,1,0,0,3,2,0,0,8,2,0.015625,126,0,0,0,71,92,16,6,391,120,12,20,589,0.142857142857143,0,0,0,0,0,0,0,1,0,1,0,0,0,0,0,0.028776978417266,0,1,0
0,0,1,2,1,0,6,2,0,0,13,4,0.012987012987013,304,0,0,0,152,206,20,49,1001,333,160,45,1492,0.142857142857143,0,1,0,0,0,0,0,0.5,1,0.5,1,0.5,0,0,0,0.087912087912088,0,1,0
0,0,0,1,0,0,1,0,0,0,2,1,0.003246753246753,307,0,0,0,153,207,21,49,1005,335,160,45,1503,0,0,0,0,0,0,0,0,0.090909090909091,0.2,0.090909090909091,0.2,0,0,0,0,0.021978021978022,0,0.15,0
0,0,1,3,0,0,12,5,1,2,22,4,0.012987012987013,304,0,0,0,152,205,21,49,995,330,159,43,1483,0.5,0,0,0,0.083333333333333,0,0,0,1,0,1,0,0.009009009009009,0,0.714285714285714,0,0.107142857142857,0,0,0
0,0,1,2,1,0,6,2,0,0,13,4,0.012987012987013,304,0,0,0,152,206,20,49,1001,333,160,45,1492,0.142857142857143,0,0,0,0,0,0,0,0.5,0,0.5,0,0.5,0,0,0,0.087912087912088,0,0.142857142857143,0
0,0,1,1,0,0,3,0,0,0,2,2,0.08,23,0,0,0,11,6,4,1,49,16,9,2,42,0,0,0,0,0,0,0,0,1,0,1,0,0.333333333333333,0,0,0,0.285714285714286,0,0,0
0,0,0,3,0,0,9,3,2,1,14,3,0.25,9,0,0,0,3,10,0,1,36,11,5,3,63,0.5,0,0.666666666666667,0,0.5,0,0.666666666666667,0,1,0,1,0,0,0,0,0,0.238095238095238,0,0.833333333333333,0
0,0,1,3,1,0,13,5,0,1,20,5,0.119047619047619,37,0,1,0,6,14,6,2,77,27,0,4,135,1,0.333333333333333,0.5,1,0,0,0,0,1,0.5,1,0.5,0.2,0,1,0,0.7,0,0.5,0
0,0,3,2,1,2,15,5,1,0,45,6,0.260869565217391,17,0,0,0,5,7,2,2,39,11,2,3,106,0.5,0.5,0.5,0.5,0.5,0,0.5,0,1,0.5,1,0,0.5,0.333333333333333,0.5,0.5,0.5,0.352941176470588,0.5,1
0,0,1,1,0,0,4,1,1,0,6,2,0.043478260869565,44,0,0,0,34,18,7,5,162,44,22,6,129,0.142857142857143,0,0.333333333333333,0,0.142857142857143,0,0.333333333333333,0,1,0,1,0,0.035714285714286,0,0.666666666666667,0,0.142857142857143,0.023809523809524,0.333333333333333,1
0,0,7,8,2,3,42,11,6,1,37,15,0.258620689655172,43,0,0,0,18,13,6,7,119,33,18,1,129,1,0,1,0,1,0.6,1,1,1,1,1,1,0.28,0,1,0,0.636363636363636,0.283783783783784,1,1
0,0,1,4,0,0,16,5,0,2,25,5,0.416666666666667,7,0,0,0,7,10,0,0,33,7,2,4,50,1,0,0.5,0,0,0,0,0,1,0.25,1,0.5,1,0,0.25,0,1,0.5,0.5,0.75
0,0,4,7,0,0,26,8,1,2,43,7,0.538461538461538,6,0,0,0,5,8,0,0,27,6,1,3,41,1,0,0.5,0,1,0,0,0,1,0,1,0.5,1,0.5,0,0,1,0.727272727272727,0.5,1
0,0,27,89,0,3,211,63,6,6,274,39,0.709090909090909,16,0,0,0,6,25,0,0,62,14,3,3,74,1,1,0.12962962962963,0.111111111111111,1,1,0.037037037037037,0.018518518518519,1,0.055555555555556,1,0.12962962962963,1,1,0.037037037037037,0.037037037037037,1,0.932203389830508,0.055555555555556,0.240740740740741
0,0,1,1,0,0,4,1,0,1,7,2,0.047619047619048,40,0,0,0,12,34,6,0,120,40,0,5,218,0.166666666666667,0,0,0,0,0,0,0,1,0,1,0,1,0,0,0,0.069767441860465,0.054054054054054,0,0
0,0,4,3,0,0,13,5,4,0,19,2,0.166666666666667,10,0,0,0,4,6,3,0,27,9,5,1,28,1,0.5,0.5,0.5,1,0.5,0.5,0.5,1,0.5,1,0.5,1,0.333333333333333,0.5,0.5,1,0.555555555555556,0.5,0.5
0,0,2,1,0,0,4,1,1,0,4,2,0.666666666666667,1,0,0,0,1,1,0,0,3,1,0,0,7,1,0,0,0,1,0,0,0,1,0,1,0,0.666666666666667,0,1,0,0.571428571428571,0,1,0
1,0,4,4,1,0,48,14,3,0,30,7,0.466666666666667,8,0,1,0,5,5,1,0,42,12,4,3,26,0.75,0.666666666666667,0,0.538461538461538,0.6,0,0.384615384615385,0,1,0,1,0,0.5,0,0.538461538461538,0,0.536585365853659,0,0.846153846153846,0
0,0,1,2,1,0,8,2,1,0,14,4,0.181818181818182,18,0,0,0,6,9,0,1,32,11,4,1,54,1,0,0,0,1,0,0,0,1,0,1,0,0.142857142857143,0,1,0,1,0,0,0
0,0,0,1,0,0,3,1,0,1,5,2,0.029411764705882,66,0,0,0,6,68,9,1,230,87,4,14,497,1,0,0,0,0,0,0,0,1,0,1,0,0,0,0,0,0.035294117647059,0,0,0
0,0,1,2,0,0,6,1,0,0,12,2,0.038461538461539,50,0,0,0,13,29,3,0,164,38,6,6,304,0.090909090909091,0,1,0,0,0,0,0,1,0,1,0,0.333333333333333,0,1,0,0.222222222222222,0,0,0
0,0,17,10,3,5,66,20,10,0,62,16,0.026016260162602,599,0,0,0,635,387,116,143,2475,741,414,44,2384,0.333333333333333,0.2,0,0,0.333333333333333,0.037037037037037,0,0,1,0,1,0,0.333333333333333,0.166666666666667,0,0,0.027777777777778,0.018691588785047,0.1,0.266666666666667
0,0,5,5,1,0,28,7,3,0,23,6,0.193548387096774,25,1,0,0,12,13,5,2,77,29,6,8,106,0.428571428571429,0.4,0,0,0.428571428571429,0,0,0,1,0,1,0,0.4,0,1,0,0.326086956521739,0,1,0
0,0,4,5,0,0,20,5,0,2,36,9,0.9,1,0,0,0,1,1,0,0,3,1,0,0,8,1,0,1,0,0,0,0,0,1,0,1,0,1,0,1,0,1,1,1,1
0,0,0,1,0,0,4,2,0,0,10,2,0.133333333333333,13,0,0,0,5,6,1,2,35,9,1,3,21,1,0,0.5,0,0,0,0,0,1,0.5,1,0.5,0,0,0,0,1,0,0.5,0
0,0,5,1,0,1,25,8,6,1,32,9,1,0,0,0,0,0,0,0,0,0,0,0,0,0,1,0,1,0,1,0,1,0,1,1,1,1,1,0,1,0,1,0,1,0
0,0,0,2,0,0,6,4,0,0,12,3,0.111111111111111,24,0,1,0,5,14,4,1,76,26,0,10,110,1,0.5,0.166666666666667,0,0,0,0,0,1,0,1,0,0,0,0,0,0.181818181818182,0,0.833333333333333,0
0,0,3,6,1,1,20,5,2,1,25,6,0.545454545454545,5,0,0,0,0,2,1,0,10,3,0,1,18,1,0,0.166666666666667,0,1,0,0.166666666666667,0,1,0.166666666666667,1,0.166666666666667,1,0,0.166666666666667,0,1,0.625,0.166666666666667,1
0,0,3,3,0,0,15,3,3,0,15,4,0.307692307692308,9,0,0,0,3,4,0,1,22,8,3,0,37,0.6,0,1,0,0.6,0,1,0,1,0,1,0,0.5,0,1,0,0.375,0,1,0
0,0,0,5,0,0,9,4,0,0,20,3,0.142857142857143,18,0,0,0,3,12,1,3,54,14,2,5,75,0.666666666666667,0,0,0,0,0,0,0,1,0,1,0,0,0,0,0,0.666666666666667,0.4,0,0
0,0,1,2,0,0,5,1,0,0,8,2,0.076923076923077,24,0,0,0,16,37,0,0,115,30,6,5,172,0.5,0,0,0,0,0,0,0,1,0,1,0,0.1,0,0,0,0.3,0.1,0,0
0,0,4,12,0,0,53,14,3,4,90,14,0.538461538461538,12,0,0,0,13,27,0,0,70,17,3,1,91,1,1,0,0,1,0,0,0,1,0,1,0,0.5,0,0,0,1,1,0,0
0,0,1,1,0,0,3,1,0,0,9,2,0.074074074074074,25,0,0,0,6,8,5,2,50,16,0,3,80,0.25,0,0,0,0,0,0,0,1,0,1,0,0.5,0,1,0,0.142857142857143,0,1,0
0,0,1,1,0,1,5,2,0,0,9,2,0.074074074074074,25,0,0,0,6,8,5,1,48,15,0,3,80,0.5,0.166666666666667,0,0,0,0,0,0,0.5,0,0.5,0,0.5,0,0,0,0.5,0,0,0
1,0,12,15,2,0,65,13,8,4,79,13,0.866666666666667,2,0,0,0,6,3,0,0,19,7,3,1,45,1,1,0,0,1,1,0,1,1,0,1,0,0.666666666666667,0,1,0,1,0.75,0,1
0,0,2,1,0,0,5,1,1,0,9,2,0.111111111111111,16,0,1,0,6,15,4,0,56,18,2,4,104,1,0,0,0,1,0,0,0,1,0,1,0,1,0.142857142857143,0,1,1,0.068965517241379,0.5,1
0,0,1,2,1,0,11,5,0,0,13,4,0.4,6,0,0,0,2,3,0,0,12,1,0,0,17,1,0.5,0.5,1,0,0,0,0,1,0.5,1,0.5,1,0,0.5,0,0.411764705882353,0,1,0
0,0,2,2,0,0,5,0,0,0,7,2,1,0,0,0,0,0,0,0,0,0,0,0,0,0,0,0,0,0,0,0,0,0,1,0,1,0,1,0,1,0,1,0,1,0
0,0,0,1,0,0,3,1,0,1,9,2,0.111111111111111,16,1,0,0,7,13,3,3,59,23,4,2,111,0.25,0,0,0,0,0,0,0,1,0,1,0,0,0,0,0,0.076923076923077,0.074074074074074,0.5,0.75
0,0,1,1,0,0,5,2,0,0,15,2,0.333333333333333,4,0,0,0,2,2,1,0,9,4,1,0,24,0.5,0,0.666666666666667,0,0,0,0,0,1,0,1,0,0.333333333333333,0,0.666666666666667,0,0.357142857142857,0,1,0
0,0,2,9,0,0,27,10,1,2,48,8,0.137931034482759,50,0,1,0,5,38,5,3,141,51,3,14,238,0.5,0.25,0.125,0.125,0.25,0,0.125,0,1,0.125,1,0.125,0.5,0.2,0.125,0.25,0.358974358974359,0.25,0.375,0.125
0,0,1,1,0,0,4,1,0,0,9,2,0.068965517241379,27,0,0,0,8,18,6,2,84,29,0,6,140,0.166666666666667,0,0,0,0,0,0,0,1,0,1,0,0.25,0,0,0,0.175,0,0,0
0,0,0,1,0,0,1,0,0,0,2,1,0.038461538461539,25,0,0,0,22,18,2,3,75,14,9,1,94,0,0,0,0,0,0,0,0,1,0.076923076923077,1,0.076923076923077,0,0,0,0,0.105263157894737,0,0.461538461538462,0
0,0,1,5,0,0,17,6,1,0,32,4,0.307692307692308,9,0,0,0,6,4,0,1,36,11,3,4,40,1,0.6,0,0.555555555555556,1,0,0.111111111111111,0,1,0,1,0,0.5,0,0.222222222222222,0,0.833333333333333,0,0,0
0,0,11,6,3,1,53,14,9,2,93,20,1,0,0,0,0,0,0,0,0,0,0,0,0,0,1,0,1,0,1,0,1,0,1,0.5,1,1,1,0,1,0,1,1,0.5,1
0,0,0,2,1,2,11,6,0,0,10,5,0.178571428571429,23,0,1,0,5,17,4,3,69,28,3,8,112,0.5,0.375,0.25,0.25,0,0,0,0,0.5,0.25,0.5,0.25,0,0,0,0,0,0,0,0
0,0,28,15,0,0,100,28,28,0,156,15,0.555555555555556,12,0,0,0,24,12,0,0,72,24,24,0,132,1,0.538461538461538,0.027027027027027,1,1,0.538461538461538,0.027027027027027,1,1,0.027027027027027,1,0.027027027027027,1,0.555555555555556,0.027027027027027,1,1,0.566265060240964,0.027027027027027,1
0,0,22,11,0,0,77,22,22,0,121,12,0.444444444444444,15,0,0,0,30,16,0,0,91,30,30,0,167,1,0.423076923076923,0,0.5,1,0.423076923076923,0,0.5,1,0,1,0,1,0.407407407407407,0,1,1,0.427184466019418,0,1
0,0,2,2,0,0,10,4,1,0,22,3,0.6,2,0,0,0,1,1,0,0,8,5,0,1,32,1,0,0.25,0,1,0,0.25,0,1,0.25,1,0.25,0.666666666666667,0,0.75,0,1,0,0.25,0
0,0,3,1,0,1,13,3,2,0,9,2,0.019607843137255,100,0,3,0,111,9,19,37,579,185,116,6,354,0.25,0,0.25,0,0.111111111111111,0,0.5,0,0.5,0,0.5,0,0.028301886792453,0,0.75,0,0.026392961876833,0,0.75,0
0,0,0,1,0,0,3,1,0,0,6,2,0.005305039787798,375,0,0,0,106,392,54,14,1505,477,144,100,2385,0.029411764705882,0,0.2,0,0,0,0,0,0.5,0,0.5,0,0,0,0,0,0.005080440304826,0,0.7,0
0,0,3,4,0,0,10,2,0,0,11,3,0.157894736842105,16,0,0,0,28,28,0,0,90,20,11,5,143,0.25,0,0,0,0,0,0,0,0.5,0,0.5,0,0.5,0.2,0,0,0.2,0,0,0
0,0,6,6,0,0,27,2,0,0,22,3,0.085714285714286,32,0,0,0,55,63,0,0,247,37,6,8,272,0.125,0,0,0,0,0,0,0,1,0,1,0,0.142857142857143,0.125,0,0,0.142857142857143,0.125,0,0
0,0,1,1,0,0,4,1,0,0,4,2,0.222222222222222,7,0,0,0,3,3,2,0,14,5,2,1,13,0.25,0,0.666666666666667,0,0,0,0,0,1,0.333333333333333,1,0.333333333333333,1,0,0.333333333333333,0,1,0,0.333333333333333,0
0,0,1,3,0,0,10,4,1,0,16,2,0.086956521739131,21,0,0,0,3,30,2,0,70,24,2,8,155,1,0,0,0,1,0,0,0,1,0,1,0,1,0,0,0,0.125,0,0.666666666666667,0
0,0,2,4,0,0,13,4,2,0,26,4,0.129032258064516,27,0,0,1,15,21,5,0,86,26,13,0,161,0.666666666666667,0,0,0,0.666666666666667,0,0,0,1,0,1,0,0.125,0,0,0,0.16,0.126984126984127,1,1
0,0,3,4,1,0,15,3,1,0,23,4,0.148148148148148,23,0,0,0,17,24,4,0,78,22,6,3,149,1,0,0.5,0,0.333333333333333,0,0.5,0,1,0.5,1,0.5,0.15,0,0.5,0,0.222222222222222,0,1,0
0,0,1,2,0,0,7,2,0,0,16,2,0.086956521739131,21,0,0,0,15,17,4,0,69,25,12,4,228,0.25,0,0.5,0,0,0,0,0,1,0.5,1,0.5,0.071428571428572,0,1,0,0,0,0,0
0,0,1,2,0,0,5,1,0,0,7,2,0.1,18,0,0,0,12,15,3,0,55,17,2,3,84,0.25,0,0,0,0,0,0,0,1,0,1,0,1,0,0,0,1,0.115384615384615,0,0.666666666666667
0,0,1,8,0,0,28,10,0,5,62,10,0.588235294117647,7,0,0,0,2,5,1,0,16,6,0,3,36,1,0.5,0,0,0,0,0,0,1,0,1,0,0.5,0,0.333333333333333,0,0.631578947368421,0.5,0,0.333333333333333
0,0,5,9,3,0,46,15,2,3,79,15,0.365853658536585,26,0,0,1,15,10,2,0,59,21,8,6,125,1,1,0,0,1,0,0,0,1,0,1,0,1,0,0,0,1,0.656716417910448,0,1
0,0,5,3,0,0,22,6,3,1,45,7,0.170731707317073,34,0,0,1,15,16,5,0,85,30,7,8,160,1,0.5,0,0,0.5,0,0,0,1,0,1,0,0.5,0,0,0,0.5,0,0,0
0,0,0,4,0,0,9,2,0,0,8,3,0.3,7,0,0,0,1,8,0,0,24,6,0,3,33,1,0,0.125,0,0,0,0,0,1,0.125,1,0.125,0,0,0,0,0.230769230769231,0,1,0
1,0,6,9,2,1,38,11,2,2,58,9,0.9,1,0,0,0,1,1,0,0,4,1,0,1,11,1,0,0.25,0,1,0,0.25,0,1,0.25,1,0.25,1,1,0.25,0.25,0.833333333333333,0,0.25,0
1,0,2,2,0,0,11,4,1,0,24,2,0.057142857142857,33,0,3,0,35,18,6,2,120,33,24,5,177,1,0,0,0,1,0,0,0,1,0,1,0,0.066666666666667,0.052631578947369,0.5,0.75,0.074766355140187,0,0.75,0
0,0,1,3,0,0,15,5,0,0,48,8,0.258064516129032,23,0,0,0,7,10,3,0,43,15,0,4,155,1,0.666666666666667,0,0.166666666666667,0,0,0,0,1,0,1,0,1,0,0,0,1,1,0,0
0,0,6,4,0,0,27,7,4,1,23,3,0.3,7,0,0,0,3,3,2,1,19,7,3,1,25,1,0,0,0,1,0,0,0,1,0.5,1,0.5,1,1,0.5,0.5,1,0.666666666666667,0.5,0.5
0,0,1,1,0,1,6,2,1,0,8,2,0.2,8,0,0,0,7,5,2,3,27,10,7,0,39,1,0,0,0,1,0,0,0,1,0,1,0,0.2,0,1,0,0.222222222222222,0.190476190476191,0,1
0,0,1,1,0,0,3,0,0,0,3,2,0.090909090909091,20,0,1,0,12,10,3,2,71,22,12,2,109,0,0,0,0,0,0,0,0,1,0,1,0,0.076923076923077,0,1,0,0.056603773584906,0,1,0
0,0,2,2,0,0,6,1,0,0,7,2,0.666666666666667,1,0,0,0,2,7,0,0,15,2,2,1,18,1,0,0.5,0,0,0,0,0,1,0.5,1,0.5,1,0,0.5,0,1,0,0.5,0
0,0,2,2,0,0,6,1,0,0,7,2,0.666666666666667,1,0,0,0,2,8,0,0,18,2,2,1,22,1,0,0.5,0,0,0,0,0,1,0.5,1,0.5,1,0,0.5,0,1,0,0.5,0
0,0,2,2,0,0,6,1,0,0,7,2,0.666666666666667,1,0,0,0,2,8,0,0,18,2,2,1,22,1,0,0.5,0,0,0,0,0,1,0.5,1,0.5,1,0,0.5,0,1,0,0.5,0
0,0,2,3,0,0,7,1,0,0,7,2,0.666666666666667,1,0,0,0,1,7,0,0,13,1,1,1,13,1,0,0.5,0,0,0,0,0,1,0.5,1,0.5,1,0,0.5,0,1,0,0.5,0
0,0,2,2,0,0,6,1,0,0,7,2,0.666666666666667,1,0,0,0,2,7,0,0,15,2,2,1,18,1,0,0.5,0,0,0,0,0,1,0.5,1,0.5,1,0,0.5,0,1,0,0.5,0
0,0,2,2,0,0,6,1,0,0,7,2,0.666666666666667,1,0,0,0,2,7,0,0,15,2,2,1,18,1,0,0.5,0,0,0,0,0,1,0.5,1,0.5,1,0,0.5,0,1,0,0.5,0
0,0,4,10,0,0,24,3,2,1,31,3,1,0,0,0,0,0,0,0,0,0,0,0,0,0,1,0,0.5,0,1,0,0.5,0,1,0,1,1,1,0,0.5,0,1,0,1,0
0,0,2,2,0,0,6,1,0,0,7,2,0.666666666666667,1,0,0,0,2,8,0,0,18,2,2,1,22,1,0,0.5,0,0,0,0,0,1,0.5,1,0.5,1,0,0.5,0,1,0,0.5,0
0,0,2,4,0,0,10,0,0,0,10,3,0.044117647058824,65,0,0,1,31,35,4,15,170,50,18,7,214,0,0,0,0,0,0,0,0,1,1,1,1,0.111111111111111,0,1,0,0.075949367088608,0,1,0
0,0,2,4,3,1,29,14,2,1,38,12,0.545454545454545,10,0,0,0,3,3,2,0,25,8,2,2,31,1,0.5,0,0.4,1,0.5,0.2,0,1,0,1,0,0.666666666666667,0,0,0,1,0.642857142857143,0,0.4
0,0,0,1,0,0,3,1,0,1,9,2,0.666666666666667,1,0,0,0,1,2,0,0,7,3,0,0,21,1,0,0.333333333333333,0,0,0,0,0,1,0.333333333333333,1,0.333333333333333,0,0,0,0,0,0,0,0
0,0,0,4,1,0,17,7,0,2,37,12,0.078947368421053,140,0,1,0,12,93,23,3,427,149,0,34,977,1,0.166666666666667,0,0,0,0,0,0,1,0,1,0,0,0,0,0,0.111111111111111,0,0.2,0
0,0,1,1,0,0,4,2,0,0,9,2,0.041666666666667,46,0,1,0,21,17,12,3,109,37,9,9,122,0.5,0,0,0,0,0,0,0,1,0,1,0,0.2,0,0.4,0,0.083333333333333,0,1,0
0,0,0,3,0,0,5,2,0,0,6,2,0.027777777777778,70,0,0,0,2,101,13,0,214,85,0,12,287,0.2,0,0.111111111111111,0,0,0,0,0,1,0.111111111111111,1,0.111111111111111,0,0,0,0,0,0,0,0
0,0,35,23,0,3,121,30,22,0,212,18,1,0,0,0,0,0,0,0,0,0,0,0,0,0,1,0,1,0,1,0,1,0,1,0.333333333333333,1,1,1,0,1,0,1,0,1,0
0,0,32,21,0,2,103,24,20,0,179,12,0.666666666666667,6,0,0,0,3,2,0,1,15,6,2,0,32,1,0,1,0,1,0,1,0,1,0.333333333333333,1,1,1,1,0.166666666666667,0.333333333333333,1,0.758928571428571,1,1
0,0,8,14,2,0,61,25,6,1,112,15,0.882352941176471,2,0,0,0,1,1,0,0,6,1,0,2,12,1,1,0.545454545454545,0.272727272727273,1,0,0.090909090909091,0,1,0.272727272727273,1,0.545454545454545,1,0,0.090909090909091,0,1,0.915254237288135,0.363636363636364,0.909090909090909
0,0,1,1,0,0,6,2,1,0,6,2,0.285714285714286,5,0,0,0,4,3,0,0,24,10,5,1,22,0.5,0,1,0,0.5,0,1,0,1,1,1,1,0.25,0,1,0,0.5,0,1,0
0,0,1,2,0,0,7,3,1,0,18,2,0.285714285714286,5,0,0,0,2,4,1,0,11,4,1,1,28,1,0.5,0.25,0.25,1,0,0.25,0,1,0,1,0,0.5,0,0.5,0,0.428571428571429,0,0.75,0
0,0,1,1,0,0,5,2,0,0,17,2,0.068965517241379,27,0,0,0,10,27,2,1,75,22,0,5,174,0.333333333333333,0.083333333333333,0.4,0.4,0,0,0,0,1,0,1,0,0.166666666666667,0,0.2,0,0.142857142857143,0,1,0
0,0,3,2,2,1,31,12,2,4,36,12,0.6,8,0,0,0,2,5,2,0,21,6,0,3,34,1,0.5,0,0,1,0,0,0,1,0,1,0,1,0,0,0,1,0.714285714285714,0,0.666666666666667
0,0,1,1,0,0,4,1,0,1,7,2,0.142857142857143,12,0,0,0,7,10,4,0,38,15,4,2,61,0.166666666666667,0,0.5,0,0,0,0,0,1,0.5,1,0.5,1,0,0.5,0,0.05,0,1,0
0,0,1,2,0,1,6,2,0,0,7,2,0.033898305084746,57,0,2,0,19,50,9,4,201,75,4,20,363,0.333333333333333,0.090909090909091,0,0,0,0,0,0,1,0,1,0,0.2,0,1,0,0.067796610169492,0,1,0
2,0,19,49,8,5,199,74,4,19,348,55,0.932203389830508,4,0,0,0,1,3,1,0,11,3,0,1,22,1,1,1,1,1,0,1,0,1,1,1,1,1,1,1,1,1,0.957446808510638,1,1
0,0,0,1,0,0,4,1,0,0,9,2,0.222222222222222,7,0,0,0,17,22,0,0,109,12,0,1,265,0.076923076923077,0,0.875,0,0,0,0,0,1,0.125,1,0.125,0,0,0,0,0.040816326530612,0.027522935779817,1,1
0,0,0,1,0,0,3,1,0,0,7,2,0.03921568627451,49,0,0,0,10,17,3,3,120,44,9,8,143,0.111111111111111,0,0.4,0,0,0,0,0,0.2,0.2,0.333333333333333,0.2,0,0,0,0,0.2,0,0.2,0
0,0,1,1,0,0,7,3,0,0,21,2,1,0,0,0,0,0,0,0,0,0,0,0,0,0,1,0,0,0,0,0,0,0,1,0,1,0,1,0,1,0,1,0,1,0
0,0,1,1,0,0,7,3,0,0,21,2,1,0,0,0,0,0,0,0,0,0,0,0,0,0,1,0,0,0,0,0,0,0,1,0,1,0,1,0,1,0,1,0,1,0
0,0,2,2,0,0,6,1,0,0,10,2,0.066666666666667,28,0,1,0,7,16,8,0,63,15,0,5,81,0.142857142857143,0,0.625,0,0,0,0,0,1,0,1,0,1,0,0.125,0,0,0,0,0
0,0,1,1,1,0,4,0,0,0,3,4,0.25,12,0,0,0,6,15,3,0,58,21,9,2,73,0,0,0,0,0,0,0,0,1,0.333333333333333,1,0.333333333333333,0.2,0,0.666666666666667,0,0,0,0,0
0,0,14,7,1,9,82,30,21,3,69,19,0.826086956521739,4,0,0,0,2,0,1,1,6,3,3,0,7,1,1,0.1,0.2,1,0,0.2,0,1,0.1,1,0.1,1,0.846153846153846,0.1,0.8,1,0.888888888888889,0.2,0.9
0,0,1,4,0,0,7,2,1,0,5,3,0.230769230769231,10,0,0,0,6,14,1,0,44,15,4,4,67,1,0,0,0,1,0,0,0,1,0,1,0,0.166666666666667,0,0,0,0.375,0,0,0
0,0,17,36,2,1,126,36,8,8,179,40,0.975609756097561,1,0,0,0,0,0,0,0,1,0,0,0,0,1,1,0.444444444444444,0.444444444444444,1,1,0.111111111111111,0,1,0.333333333333333,1,0.222222222222222,1,0,0.222222222222222,0,1,1,0.555555555555556,0
0,0,2,3,1,0,21,7,1,1,15,10,0.3125,22,0,0,0,21,9,4,2,61,22,21,1,94,1,1,0.5,0.5,0.5,0,1,0,1,0,1,0.5,0.095238095238095,0,1,0,0.28,0.117647058823529,1,1
1,0,2,6,0,0,13,4,2,0,12,2,0.666666666666667,1,0,0,0,0,2,0,0,5,2,1,1,8,1,0,0.5,0,1,0,0.5,0,1,0.5,1,0.5,1,0,0.5,0,1,0.857142857142857,0.5,1
0,0,8,5,0,0,27,5,5,0,28,4,0.038461538461539,100,0,0,0,171,61,15,15,536,176,131,15,507,0.666666666666667,0.5,0,0,0.666666666666667,0.5,0,0,1,0,1,0,0.045454545454546,0,1,0,0.146341463414634,0.046709129511677,1,1
0,0,0,2,0,1,12,6,0,0,6,4,0.125,28,0,0,0,7,12,4,4,68,22,3,6,119,1,0,0.5,0,0,0,0,0,1,0.5,1,0.5,0,0,0,0,0,0,0,0
0,0,2,3,0,0,8,2,1,0,11,2,0.4,3,0,0,0,5,6,0,0,20,5,3,1,29,1,0.333333333333333,0,1,1,0,0,0,1,0,1,0,1,0,0,0,0.333333333333333,0,0,0
0,0,2,2,1,0,13,5,0,0,20,5,0.049019607843137,97,0,0,0,54,52,16,10,395,159,84,10,512,0.5,0.166666666666667,0,0,0,0,0,0,1,0,1,0,0.043478260869565,0,0.5,0,0.115942028985507,0.017291066282421,0.25,0.75
0,0,2,2,0,0,12,3,1,0,33,7,0.333333333333333,14,0,1,0,6,7,0,0,40,8,2,3,81,1,0,0,0,1,0,0,0,1,0,1,0,0.5,0,0.5,0,0.5,0,0.5,0
0,0,1,1,0,0,4,1,0,1,7,2,0.2,8,0,0,0,9,11,0,0,39,10,2,5,79,1,0,0,0,0,0,0,0,1,0,1,0,1,0,0,0,0.5,0.135135135135135,0.142857142857143,0.857142857142857
0,0,3,3,0,0,12,3,0,1,23,3,0.3,7,0,0,0,7,9,0,0,31,8,2,5,63,1,1,0.285714285714286,0.142857142857143,0,0,0,0,1,0.142857142857143,1,0.285714285714286,1,0,0.142857142857143,0,1,0,0.142857142857143,0
0,0,2,4,0,0,14,3,0,1,20,4,0.666666666666667,2,0,0,0,0,1,0,0,3,2,0,0,4,1,1,0,1,0,0,0,0,1,1,1,0,1,0,1,0,1,0,1,0
0,0,0,3,0,0,12,4,0,2,20,4,0.102564102564103,35,0,0,0,13,31,2,1,104,38,7,10,145,1,0,0,0,0,0,0,0,1,0,1,0,0,0,0,0,0.666666666666667,0.3,0,0
0,1,5,1,1,2,32,11,5,0,47,14,0.933333333333333,1,0,0,0,1,0,0,0,2,0,0,0,2,1,0,0.666666666666667,0,1,0,0.333333333333333,0,1,0.333333333333333,1,0.666666666666667,1,0,0.333333333333333,0,1,0,0.666666666666667,0
0,0,2,3,0,1,12,4,1,0,19,3,0.176470588235294,14,0,0,0,7,4,2,3,43,21,7,3,123,1,0,0.2,0,1,0,0.2,0,1,0.2,1,0.2,0.222222222222222,0,0.6,0,1,0,0.2,0
0,0,2,2,0,0,9,2,2,0,10,2,0.333333333333333,4,0,0,0,4,2,1,1,18,6,4,0,27,1,0.333333333333333,0.5,1,1,0.333333333333333,0.5,1,1,0.5,1,0.5,0.333333333333333,0,1,0,0.333333333333333,0,1,0
0,0,1,2,0,0,6,2,1,0,8,2,0.006993006993007,284,0,2,0,323,163,35,64,1070,345,300,15,1445,0.25,0.142857142857143,0,0,0.142857142857143,0,0,0,0.5,0,0.5,0,0.004048582995951,0,1,0,0.133333333333333,0.006335797254488,0,1
0,0,1,1,0,0,5,2,1,0,10,2,0.5,2,0,0,0,1,0,1,0,4,1,1,0,4,1,0,1,0,1,0,1,0,1,1,1,1,0.5,0,1,0,0.666666666666667,0,1,0
0,0,1,1,0,0,6,2,1,1,17,3,0.5,3,0,0,0,0,2,0,0,8,4,0,1,20,1,0,0.25,0,1,0,0.25,0,1,0.25,1,0.25,1,0,0.25,0,0,0,0,0
0,0,1,1,0,0,5,0,0,0,3,2,0.105263157894737,17,1,1,0,15,4,4,5,57,15,12,0,74,0,0,0,0,0,0,0,0,1,0.111111111111111,1,0.111111111111111,0.076923076923077,0,1,0,0.071428571428572,0,1,0
0,0,1,1,0,0,3,0,0,0,3,2,0.25,6,0,0,0,4,4,1,0,13,4,1,1,15,0,0,0,0,0,0,0,0,1,0.333333333333333,1,0.333333333333333,0.2,0,1,0,0.1875,0,1,0
0,0,0,1,0,0,2,1,0,0,3,2,0.086956521739131,21,0,0,0,7,21,2,0,77,25,4,8,148,0.5,0,0.25,0,0,0,0,0,1,0.125,1,0.125,0,0,0,0,0.230769230769231,0,0.375,0
0,0,2,1,0,0,7,3,1,0,18,2,0.037735849056604,51,0,0,0,58,52,3,4,235,83,41,6,635,0.5,0,0,0,0.125,0,0.8,0,1,0,1,0,1,0,0,0,1,0,0,0
0,0,1,2,1,0,11,5,1,0,17,5,0.263157894736842,14,0,0,0,11,11,4,0,46,14,2,2,104,1,0,0,0,1,0,0,0,1,0,1,0,0.166666666666667,0,0.4,0,0.305555555555556,0,0.8,0
0,0,1,1,0,0,3,1,0,0,11,2,0.133333333333333,13,0,0,0,13,13,2,1,50,16,5,2,81,0.25,0,0,0,0,0,0,0,1,0,1,0,0.333333333333333,0,0,0,0.25,0,0.5,0
0,0,1,2,0,0,12,8,1,0,40,2,0.016260162601626,121,0,7,0,64,111,16,12,494,217,20,28,1142,0.25,0.2,0,0.2,0.25,0,0,0,1,0,1,0,0.038461538461539,0,0.4,0,0.04270462633452,0,0.4,0
0,0,2,4,0,1,12,4,1,0,18,3,0.053571428571429,53,0,0,0,32,117,0,2,269,73,8,9,329,0.333333333333333,0.095238095238095,0.055555555555556,0.388888888888889,0.333333333333333,0,0.055555555555556,0,1,0.018518518518519,1,0.018518518518519,0.333333333333333,0,0.055555555555556,0,0.333333333333333,0.057142857142857,0.055555555555556,0.333333333333333
0,0,1,3,0,0,15,6,0,2,19,4,0.4,6,0,0,0,2,4,0,0,24,8,0,3,31,1,0,0.333333333333333,0,0,0,0,0,1,0.333333333333333,1,0.333333333333333,1,0,0.333333333333333,0,1,0.625,0.333333333333333,0.333333333333333
0,0,1,2,0,0,9,3,1,0,10,2,0.047619047619048,40,0,0,0,11,21,4,0,99,42,9,13,218,1,0.333333333333333,0.111111111111111,0.333333333333333,0.333333333333333,0,0.333333333333333,0,1,0.111111111111111,1,0.111111111111111,0.125,0,0.444444444444444,0,0.333333333333333,0.076086956521739,0.333333333333333,0.777777777777778
0,0,6,5,0,0,29,10,4,2,48,7,0.875,1,0,0,0,0,0,0,0,1,1,0,0,2,1,1,0,0.333333333333333,1,0,0.333333333333333,0,1,0.333333333333333,1,0.666666666666667,1,0,0.666666666666667,0,1,0.9375,0.666666666666667,1
0,0,2,1,0,0,13,5,1,1,25,3,0.214285714285714,11,0,0,0,7,13,1,0,51,19,0,5,129,1,0,0.111111111111111,0,1,0,0.111111111111111,0,1,0.111111111111111,1,0.111111111111111,0.25,0,0.555555555555556,0,1,0.125,0.111111111111111,0.222222222222222
0,0,1,5,2,1,21,10,0,0,37,7,0.2,28,0,0,0,6,20,4,2,110,47,3,13,211,0.6,0.5,0.333333333333333,0.166666666666667,0,0,0,0,1,0.166666666666667,1,0.166666666666667,1,0,0.166666666666667,0,0.375,0,0.166666666666667,0
0,0,1,1,1,0,7,3,0,0,22,4,0.307692307692308,9,0,1,0,7,11,1,0,59,15,1,1,149,1,0,1,0,0,0,0,0,1,1,1,1,0.166666666666667,0,1,0,0.171428571428571,0,1,0
0,0,3,2,1,0,11,4,3,0,18,4,0.222222222222222,14,0,0,0,7,7,2,1,36,7,3,1,45,1,0,0.5,0,1,0,0.5,0,1,0.5,1,0.5,0.4,0,0.5,0,1,0.227272727272727,0.5,0.5
0,0,5,16,0,0,50,16,0,7,92,12,0.705882352941176,5,0,0,0,3,4,0,0,22,10,1,3,59,1,1,0.25,0.125,0,0,0,0,1,0.0625,1,0.25,1,0.8,0.0625,0.3125,1,0,0.375,0
0,0,1,1,0,0,5,2,1,0,10,2,0.133333333333333,13,0,0,0,7,9,3,1,42,20,6,2,122,1,0,0.25,0,1,0,0.25,0,1,0.25,1,0.25,0.25,0,0.75,0,0,0,0,0
0,0,2,3,0,0,10,2,2,1,12,2,0.181818181818182,9,0,0,0,8,9,1,0,35,13,7,1,66,0.5,0.25,0.285714285714286,0.571428571428571,0.5,0.25,0.285714285714286,0.571428571428571,1,0.142857142857143,1,0.142857142857143,0.222222222222222,0,1,0,0.5,0.4,0.285714285714286,0.142857142857143
0,0,0,7,0,0,13,4,0,0,36,2,0.055555555555556,34,0,0,0,11,50,1,0,125,31,2,6,319,0.4,0.071428571428572,0.2,0.2,0,0,0,0,1,0.2,1,0.2,0,0,0,0,0.181818181818182,0,0.6,0
0,0,5,4,3,0,31,8,3,2,54,10,0.555555555555556,8,0,0,0,3,2,2,0,16,5,3,0,22,1,1,0.5,0.5,1,0,0.5,0,1,0.5,1,0.5,1,0.571428571428571,0.5,0.5,1,1,0.5,0.5
0,0,5,4,1,1,43,13,4,2,63,7,0.5,7,0,1,0,3,5,0,0,27,9,2,3,56,1,1,0.1,0.2,1,0,0.1,0,1,0.1,1,0.2,1,0.666666666666667,0.1,0.3,0.666666666666667,0,0.3,0
0,0,0,1,0,0,4,2,0,0,17,2,0.068965517241379,27,0,1,0,7,24,4,0,82,32,2,6,213,0.333333333333333,0.111111111111111,0.75,0.5,0,0,0,0,1,0.25,1,0.25,0,0,0,0,0.074074074074074,0,0.75,0
0,0,3,6,1,1,30,11,1,2,45,17,0.772727272727273,5,0,0,0,4,2,0,0,15,6,3,2,38,1,0,1,0,1,0,1,0,1,1,1,1,1,0,1,0,1,0.7,1,1
0,0,2,3,0,0,10,4,1,0,16,2,0.095238095238095,19,0,0,0,17,15,1,0,59,16,8,3,125,1,0.2,0.25,0.75,0.5,0,0.5,0,1,0.25,1,0.25,0.5,0,0.5,0,0.4,0.214285714285714,0.5,1
0,0,2,1,0,0,5,2,1,0,8,2,0.181818181818182,9,0,0,0,3,4,0,0,27,8,2,2,61,1,0,1,0,1,0,1,0,1,1,1,1,1,0,1,0,0.666666666666667,0,1,0
0,0,1,2,0,0,11,3,0,1,12,3,0.6,2,0,0,0,1,1,0,0,8,2,0,2,22,1,0,0.666666666666667,0,0,0,0,0,1,0.333333333333333,1,0.666666666666667,1,0,0.333333333333333,0,0.6,0,1,0
0,0,0,2,0,0,6,2,0,0,7,2,0.166666666666667,10,0,0,0,2,15,1,1,41,14,1,2,85,0.333333333333333,0,0.833333333333333,0,0,0,0,0,1,0.166666666666667,1,0.166666666666667,0,0,0,0,0,0,0,0
0,0,1,1,0,0,5,2,1,0,9,2,0.048780487804878,39,0,0,0,57,31,4,2,185,64,52,3,326,1,0.142857142857143,0.5,0.5,1,0,0.5,0,1,0.5,1,0.5,0.045454545454546,0,0.5,0,0.166666666666667,0.081081081081081,0.5,0.5
0,0,1,1,1,0,6,3,1,0,14,4,0.666666666666667,2,0,0,0,2,1,0,1,10,4,2,0,18,1,0,0.333333333333333,0,1,0,0.333333333333333,0,1,0.333333333333333,1,0.333333333333333,0.333333333333333,0,1,0,1,0.384615384615385,0.333333333333333,1
0,0,0,3,0,0,5,2,0,0,10,2,0.090909090909091,20,0,0,0,0,20,5,0,54,22,0,3,130,0.142857142857143,0,0.857142857142857,0,0,0,0,0,1,0.142857142857143,1,0.142857142857143,0,0,0,0,0.105263157894737,0,1,0
0,0,1,2,0,1,7,3,0,0,16,2,0.095238095238095,19,0,0,0,3,15,1,1,54,23,0,7,142,0.5,0.4,0.071428571428572,0.142857142857143,0,0,0,0,1,0.071428571428572,1,0.071428571428572,1,0,0.071428571428572,0,0.5,0,0.142857142857143,0
0,0,0,1,0,0,2,1,0,0,7,2,0.032258064516129,60,0,1,0,5,21,12,6,161,62,0,9,177,0.5,0,0.142857142857143,0,0,0,0,0,0.5,0.142857142857143,0.5,0.142857142857143,0,0,0,0,0.083333333333333,0,0.714285714285714,0
0,0,1,2,0,0,5,2,1,0,7,2,0.052631578947369,36,0,0,1,13,26,3,0,142,47,13,6,190,0.142857142857143,0,0,0,0.142857142857143,0,0,0,0.5,0,0.5,0,0.142857142857143,0,0,0,0.142857142857143,0.043478260869565,0,1
0,0,21,16,0,0,63,10,8,0,62,10,0.434782608695652,13,0,0,0,21,17,0,0,65,15,11,2,83,1,0.666666666666667,0,0,1,0.666666666666667,0,0,1,0,1,0,1,0.8,0,0,0.8,0.666666666666667,0,0
0,0,6,6,0,0,25,6,6,1,23,4,0.222222222222222,14,0,0,0,27,20,0,2,79,20,18,1,109,1,0.428571428571429,0.1,0.7,1,0.428571428571429,0.1,0.7,1,0.1,1,0.1,0.222222222222222,0,1,0,0.211538461538462,0,1,0
0,0,0,3,0,0,7,3,0,1,14,3,0.214285714285714,11,0,0,0,7,9,1,0,37,13,1,5,74,1,0.5,0,0,0,0,0,0,1,0,1,0,0,0,0,0,1,0,0,0
0,0,12,9,4,3,58,19,9,1,86,19,0.487179487179487,20,0,0,0,18,23,4,2,91,29,18,4,157,1,1,0,0,1,1,0,0,1,0,1,0,1,0,0,0,1,0.386138613861386,0,0.833333333333333
0,0,2,3,0,0,16,8,0,1,60,3,0.75,1,0,0,0,0,3,0,0,8,4,1,0,12,1,0,0.333333333333333,0,0,0,0,0,1,0.333333333333333,1,0.333333333333333,1,0,0.666666666666667,0,0.666666666666667,0,1,0
0,0,1,1,0,0,7,2,0,0,19,2,0.153846153846154,11,0,0,0,8,6,2,0,36,17,11,1,68,0.5,0.333333333333333,0.333333333333333,0.333333333333333,0,0,0,0,1,0.166666666666667,1,0.166666666666667,0.111111111111111,0,0.833333333333333,0,0.092592592592593,0,0.833333333333333,0
0,0,4,4,1,0,23,4,4,0,24,4,0.081632653061225,45,1,0,0,38,32,14,5,165,38,37,0,205,0.5,0.2,0.166666666666667,0.833333333333333,0.5,0.2,0.166666666666667,0.833333333333333,1,0.166666666666667,1,0.166666666666667,0.095238095238095,0,1,0,0.2,0.086956521739131,0.833333333333333,1
0,0,0,1,0,0,3,2,0,0,7,2,0.068965517241379,27,0,0,1,6,11,2,1,67,30,7,10,130,0.5,0,0.222222222222222,0,0,0,0,0,1,0.111111111111111,1,0.111111111111111,0,0,0,0,0.25,0,0.444444444444444,0
0,0,12,25,4,2,107,30,7,4,203,30,0.967741935483871,1,0,0,0,0,0,0,0,2,0,0,1,2,1,0,0.083333333333333,0,1,0,0.166666666666667,0,1,0.083333333333333,1,0.583333333333333,1,0,0.583333333333333,0,1,0,0.666666666666667,0
0,0,19,28,0,0,87,25,8,3,224,5,0.5,5,0,0,0,5,8,0,0,24,9,1,2,73,1,1,0,0,1,0,1,0,1,0,1,0,1,1,0,0,1,1,0,1
0,0,3,9,0,0,18,5,0,0,48,4,0.444444444444444,5,0,0,0,7,9,0,0,29,9,2,3,88,1,1,0,0,0,0,0,0,1,1,1,0,1,0,1,0,1,0,1,0
0,0,7,14,0,0,38,11,2,2,96,7,0.777777777777778,2,0,0,0,3,4,0,0,11,3,0,1,37,1,1,0,0,1,0,0,0,1,0,1,0,1,0.8,1,1,1,0.7,1,0
1,0,3,3,0,0,38,9,3,0,67,3,0.6,2,0,1,0,1,5,0,0,20,5,0,2,25,1,1,1,1,1,0,1,0,1,1,1,1,1,0,1,0,1,0,0,0
0,0,1,1,0,0,4,1,1,0,5,2,0.153846153846154,11,0,0,0,9,6,1,0,36,13,8,1,54,0.25,0,0.375,0,0.25,0,0.375,0,1,0.125,1,0.125,0.1,0,0.875,0,0.103448275862069,0,0.875,0
0,0,3,6,1,0,19,6,2,0,43,7,1,0,0,0,0,0,0,0,0,0,0,0,0,0,1,0,1,0,1,0,1,0,1,1,1,1,1,0,1,0,1,0,1,0
0,1,1,2,1,0,27,15,0,0,190,10,0.769230769230769,3,0,0,0,1,1,1,0,5,0,0,0,5,1,0,0.5,0,0,0,0,0,1,0.5,1,0.5,0.5,0,1,0,1,0,0.5,0
0,0,2,1,0,0,14,3,1,1,16,3,0.375,5,0,0,0,3,4,1,0,16,6,1,1,29,1,0,0.2,0,1,0,0.2,0,1,0.2,1,0.2,0.5,0,0.4,0,0.454545454545455,0,0.8,0
0,0,1,3,0,0,27,14,1,3,29,6,0.428571428571429,8,0,0,0,1,1,0,1,32,15,0,4,31,1,1,0.166666666666667,0.166666666666667,1,0,0.166666666666667,0,1,0.166666666666667,1,0.166666666666667,1,0,0.166666666666667,0,0.523809523809524,0.444444444444444,1,0.666666666666667
0,0,1,2,0,0,6,2,0,0,9,2,0.25,6,0,0,0,4,3,1,0,23,7,2,2,36,1,0.5,0.2,0.4,0,0,0,0,1,0.2,1,0.2,0.5,0,0.4,0,0.5,0.181818181818182,0.2,0.8
