NAME_CANDIDATE,CON_LOC,CON_LOCAL,CON_LITERAL,CON_INVOCATION,CON_IF,CON_CONDITIONAL,CON_SWITCH,CON_VAR_ACCESS,CON_TYPE_ACCESS,CON_FIELD_ACCESS,CON_ASSERT,CON_ASSIGN,CON_TYPED_ELEMENTS,CON_PACKAGE,NUM_LOC,NUM_LOCAL,NUM_LITERAL,NUM_INVOCATION,NUM_IF,NUM_CONDITIONAL,NUM_SWITCH,NUM_VAR_ACCESS,NUM_TYPE_ACCESS,NUM_FIELD_ACCESS,NUM_ASSIGN,NUM_TYPED_ELEMENTS,NUM_PACKAGE,LOC_RATIO,VAR_ACCESS_COUPLING,VAR_ACCESS_COUPLING_2,VAR_ACCESS_COHESION,VAR_ACCESS_COHESION_2,FIELD_ACCESS_COUPLING,FIELD_ACCESS_COUPLING_2,FIELD_ACCESS_COHESION,FIELD_ACCESS_COHESION_2,INVOCATION_COUPLING,INVOCATION_COHESION,TYPE_ACCESS_COUPLING,TYPE_ACCESS_COUPLING_2,TYPE_ACCESS_COHESION,TYPE_ACCESS_COHESION_2,TYPED_ELEMENTS_COUPLING,TYPED_ELEMENTS_COHESION,PACKAGE_COUPLING,PACKAGE_COUPLING_2,PACKAGE_COHESION,PACKAGE_COHESION_2
createCellSignalTable,18,7,1,11,0,0,0,43,26,25,0,0,276,345,3,1,1,1,0,0,0,4,2,2,0,30,37,0.142857142857143,1,0,0,0,1,0,0,0,1,0,0.105263157894737,0,1,0,1,0,0.110204081632653,0,1,0
createOpenCellIDTable,18,8,1,10,0,0,0,44,27,27,0,0,299,366,3,0,0,2,0,0,0,3,1,0,0,7,16,0.142857142857143,1,0.166666666666667,0,0.5,0,0,0,0,1,0,0.052631578947369,0,0.5,0,1,0,0.070422535211268,0,1,0
createDefaultMCCTable,17,7,1,10,0,0,0,41,26,25,0,0,267,331,4,1,1,2,0,0,0,6,2,2,0,39,51,0.190476190476191,1,0.166666666666667,0.5,0.5,0.5,0,0,0,1,0.5,0.105263157894737,0,0.5,0,1,0.5,0.146938775510204,0.098591549295775,1,1
createLocationTable,4,1,1,3,0,0,0,14,11,10,0,0,67,79,17,7,1,9,0,0,0,33,17,17,0,247,303,0.80952380952381,1,0.75,0,0.5,1,0.666666666666667,0,0,1,0,1,0.789473684210526,0,0.5,1,0.5,1,0.869387755102041,0,1
createSilentSmsTable,13,5,1,8,0,0,0,33,22,21,0,0,203,251,8,3,1,4,0,0,0,14,6,6,0,105,131,0.380952380952381,1,0.333333333333333,0,0.5,1,0,0,0,1,0,0.31578947368421,0,0.5,0,1,0,0.391836734693877,0.267605633802817,1,1
createCellTable,8,2,1,6,0,0,0,22,15,14,0,0,118,150,13,6,1,6,0,0,0,25,13,13,0,193,232,0.619047619047619,1,0,0,0,1,0,0,0,1,0,1,0.578947368421053,0,0.5,1,0.5,1,0.685714285714286,0,1
createEventLogTable,5,1,1,4,0,0,0,16,12,11,0,0,75,93,16,7,1,8,0,0,0,31,16,16,0,238,289,0.761904761904762,1,0.666666666666667,0,0.5,1,0.333333333333333,0,0,1,0,1,0.736842105263158,0,0.5,1,0,1,0.844897959183673,0,1
convertPemKeyPair,7,2,1,1,1,0,0,2,2,1,0,0,11,20,15,3,1,8,3,0,0,15,5,1,0,45,83,0.681818181818182,1,1,0,0,1,0,0,0,1,0,1,0,0,0,1,0,1,1,0,1
resolveFormEncoding,54,12,1,46,7,0,0,54,26,7,0,2,174,248,2,0,0,2,0,0,0,2,2,0,1,7,11,0.035714285714286,0.333333333333333,0,0,0,0,0,0,0,1,0,1,0,0,0,1,0,1,0.133333333333333,0,0
getProbe,24,9,1,14,4,1,0,22,4,0,0,1,65,79,3,1,0,2,0,0,0,3,1,0,0,7,13,0.111111111111111,1,0.5,0.083333333333333,0.083333333333333,0,0,0,0,1,0.083333333333333,1,0,0.083333333333333,0,1,0.083333333333333,1,0,0.083333333333333,0
failedSubscribe,8,0,0,1,2,0,0,5,2,2,0,1,14,23,2,0,0,1,0,0,0,2,2,2,0,7,8,0.2,1,0,0,0,1,0,0,0,1,0,0.666666666666667,0,0,0,1,0,0.4,0,1,0
setMaxHeight,2,0,0,0,0,0,0,3,2,2,0,1,7,14,5,0,1,12,0,0,0,4,8,4,0,32,29,0.714285714285714,0.666666666666667,0,1,0,0.666666666666667,0,1,0,1,1,1,0.714285714285714,0,1,1,1,1,0.638888888888889,0,1
addCoursesFromStepic,17,5,1,10,2,0,0,14,6,4,0,0,45,82,2,0,0,1,0,0,0,0,1,0,0,2,4,0.105263157894737,0,0,0,0,0,0,0,0,1,0,1,0,0,0,1,0,0,0,0,0
canBinaryExpressionBeUnboxed,56,17,0,20,13,0,0,49,17,0,0,1,145,161,2,1,0,1,0,0,0,1,0,0,0,3,5,0.03448275862069,0.5,0,0,0,0,0,0,0,1,0,0,0,0,0,1,0,0,0,0,0
buildFQuery,0,0,0,0,0,0,0,0,0,0,0,0,0,0,13,0,1,7,2,0,0,16,7,7,0,41,89,1,1,1,1,0.2,1,0,0.2,0,1,0.2,1,0,0.4,0,1,0.4,1,0,0.4,0
removeNodes,3,1,0,1,1,0,0,2,1,0,0,0,6,10,13,2,1,6,3,0,0,13,10,7,1,45,66,0.8125,1,1,0.666666666666667,0.333333333333333,1,0,0.333333333333333,0,1,0.333333333333333,1,0,0.666666666666667,0,1,0.666666666666667,1,0,1,0
addAdditionalLoggingHandler,6,1,0,2,0,0,0,6,5,4,0,0,15,28,2,0,0,1,0,0,0,3,1,1,0,6,18,0.25,1,0.5,0,0.333333333333333,0.5,0,0.333333333333333,0,1,0,0.2,0,1,0,1,0,1,0.666666666666667,0,0.333333333333333
canonicalizePath,41,5,1,33,10,0,0,54,20,8,0,6,161,296,2,1,0,1,0,0,0,1,1,0,0,4,7,0.046511627906977,0.083333333333333,0,0.75,0,0,0,0,0,1,0,1,0,0,0,1,0,1,0.222222222222222,0,0
readSynchResult,117,20,1,49,13,1,2,82,27,5,0,10,252,311,2,0,0,2,0,0,0,2,0,0,0,4,6,0.016806722689076,0.2,0,0.4,0,0,0,0,0,0.333333333333333,0.2,0,0,0,0,0.333333333333333,0.2,0.115384615384615,0,0.4,0
internalAddEntry,23,2,0,7,4,0,0,15,8,7,0,2,42,62,1,0,0,1,0,0,0,0,0,0,0,1,2,0.041666666666667,0,0,0,0,0,0,0,0,1,0,0,0,0,0,1,0,0.4,0,0,0
getClient,14,5,0,12,0,0,0,21,5,4,0,1,47,98,2,0,0,1,0,0,0,2,0,0,0,3,6,0.125,0.333333333333333,0.25,0.2,0.3,0,0,0,0,0.5,0.1,0,0,0,0,0.5,0.1,0.12,0,0.4,0
runPausedMode,5,2,1,9,0,0,0,7,11,5,0,0,31,43,3,0,1,4,0,0,0,2,2,0,0,9,10,0.375,0.666666666666667,0,0.375,0,0,0,0,0,1,0.125,1,0.5,0.125,0.25,1,0.125,0.5,0,0.25,0
createGogsWebhook,3,0,1,1,1,0,0,2,3,2,0,1,8,13,43,12,1,27,5,0,0,54,19,13,2,181,257,0.934782608695652,1,1,0.263157894736842,0.263157894736842,1,0,0,0,1,0.157894736842105,1,1,0.105263157894737,0.052631578947369,1,0.263157894736842,1,1,0.526315789473684,0.052631578947369
addEntityScanBeanPostProcessor,0,0,0,0,0,0,0,0,0,0,0,0,0,0,9,1,1,8,1,0,0,11,5,3,0,29,53,1,1,1,0.833333333333333,0.166666666666667,1,0,0.166666666666667,0,1,0,1,0,0.333333333333333,0,1,0.833333333333333,1,0,0.5,0
extendRecordBaseClass,11,2,0,18,0,0,0,22,8,3,0,0,50,133,4,0,1,3,1,0,0,3,1,0,0,10,16,0.266666666666667,0.5,0,0,0,0,0,0,0,1,0,0.111111111111111,0,1,0,1,0,0.461538461538462,0,0,0
extendWrappingMapBaseClass,16,4,1,24,1,0,0,28,13,4,0,0,71,180,2,0,0,2,0,0,0,3,0,1,0,5,11,0.111111111111111,1,0.090909090909091,0,1,1,0,0,0,1,0,0,0,0,0,1,0,0.036363636363636,0,1,0
extendUnionBaseClass,18,6,1,24,1,0,0,32,16,7,0,0,83,180,4,0,1,7,1,0,0,6,3,0,0,21,37,0.181818181818182,1,0,0,0,0,0,0,0,1,0,0.3,0,1,0,1,0,1,0,0,0
extendWrappingArrayBaseClass,15,4,1,23,1,0,0,27,12,4,0,0,68,171,2,0,0,2,0,0,0,3,0,1,0,5,11,0.117647058823529,1,0.1,0,1,1,0,0,0,1,0,0,0,0,0,1,0,0.03921568627451,0,1,0
isInMembersList,29,4,1,14,8,0,0,23,5,9,0,0,68,88,2,0,1,1,0,0,0,1,0,1,0,3,4,0.064516129032258,0.166666666666667,0,0,0,0.166666666666667,0,0,0,1,0,0,0,0,0,1,0,0.051282051282051,0.03448275862069,0,0.666666666666667
from,32,6,0,18,8,0,0,24,9,1,0,1,77,179,8,2,1,4,1,0,0,9,1,0,0,24,40,0.2,1,0.666666666666667,0.083333333333333,0.166666666666667,0,0,0,0,1,0.083333333333333,0.5,0,0.166666666666667,0,1,0.083333333333333,0.243243243243243,0,0.416666666666667,0
has,1,0,0,0,0,0,0,0,0,0,0,0,1,0,5,1,0,4,1,0,0,3,4,2,0,14,34,0.833333333333333,1,0,1,0,1,0,1,0,1,0,1,0,0,0,1,0,0,0,0,0
has,4,0,0,3,1,0,0,2,3,1,0,0,9,13,2,1,0,2,0,0,0,2,3,2,0,9,16,0.333333333333333,1,0.5,0,1,1,0.5,0,1,1,0,1,0.5,0,0,1,0,1,0,0,0
getDevices,58,11,1,33,8,0,0,45,23,10,0,4,149,246,2,0,1,1,0,0,0,2,2,1,0,8,14,0.033333333333333,1,0.5,0,0,1,0,0,0,1,0,1,0.5,0,0,1,0,0.5,0,0,0
parseFormalParameterList,39,8,0,31,7,0,0,23,42,2,0,7,123,178,5,1,1,3,1,0,0,1,5,0,0,14,19,0.113636363636364,1,0,0.166666666666667,0,0,0,0,0,1,0.166666666666667,1,0.1,0.166666666666667,0.833333333333333,1,0.166666666666667,0.428571428571429,0.12396694214876,0.333333333333333,0.833333333333333
load,6,2,1,7,0,0,0,13,14,11,0,1,50,77,2,0,0,1,0,0,0,1,1,1,0,4,5,0.25,0.2,0,0.571428571428571,0,0.2,0,0.571428571428571,0,1,0.142857142857143,0.2,0,0.571428571428571,0,1,0.142857142857143,0.2,0.111111111111111,0.571428571428571,0.857142857142857
signatureBaseString,10,4,0,10,0,0,0,16,8,1,0,0,40,131,2,1,0,1,0,0,0,2,1,1,0,6,8,0.166666666666667,1,0,0,0,1,0,0,0,1,0,0.333333333333333,0,0.222222222222222,0,1,0,0.6,0.294117647058824,0,0.333333333333333
getBoolean,18,2,1,13,2,0,0,21,16,11,1,3,61,109,2,1,0,1,0,0,0,2,1,1,0,6,14,0.1,1,0,0,0,1,0,0,0,1,0,0.071428571428572,0,1,0,1,0,0.266666666666667,0,0,0
has,15,3,1,9,2,0,0,15,11,6,1,0,44,82,5,0,0,5,0,0,0,8,6,6,3,28,41,0.25,1,0,0,0,1,0,0,0,1,0,0.428571428571429,0,1,0,1,0,1,0.54,0,1
handleInputStreamMessage,65,10,1,24,6,0,0,48,16,11,0,2,138,267,2,0,1,1,0,0,0,3,0,0,0,5,3,0.029850746268657,0.25,0.125,1,1,0,0,0,0,0.5,1,0,0,0,0,0.5,1,0,0,0,0
cryptoOperation,30,5,0,15,4,0,0,23,12,1,0,0,73,93,3,1,0,2,0,0,0,2,2,0,0,8,11,0.090909090909091,1,0.5,0.1,0.1,0,0,0,0,1,0.1,1,0,0.1,0,1,0.1,1,0,0.1,0
replayRemoteTransactionIfNeeded,29,3,1,21,8,0,0,33,13,12,0,2,83,164,9,1,1,4,2,0,0,9,4,4,0,25,42,0.236842105263158,1,0,0,0,1,0,0,0,1,0,0.235294117647059,0,0.666666666666667,0,1,0,1,0.254237288135593,0,1
assertNoTransactions,13,2,1,6,1,0,0,9,2,1,0,0,33,22,2,1,0,2,0,0,0,1,1,0,0,6,5,0.133333333333333,0.2,0,0,0,0,0,0,0,1,0,0.333333333333333,0,1,0,1,0,0.5,0.230769230769231,1,1
eventually,15,2,1,6,2,0,0,11,5,2,0,0,35,53,2,0,0,2,0,0,0,1,1,0,0,4,8,0.117647058823529,0.5,0,0.5,0,0,0,0,0,1,0,1,0,0.5,0,1,0,1,0,0.5,0
verifyRemoteTransaction,28,6,1,23,5,0,0,31,8,8,0,0,80,138,2,0,1,2,0,0,0,4,1,1,0,10,15,0.066666666666667,0.333333333333333,0,0.25,0,0.333333333333333,0,0.25,0,1,0,0.111111111111111,0,0.5,0,1,0,0.333333333333333,0.083333333333333,0.25,0.875
createRollbackRpcOptions,8,5,0,8,1,1,0,14,5,5,0,0,33,76,2,0,0,1,0,0,0,2,0,0,0,3,13,0.2,0.333333333333333,0,0,0,0,0,0,0,1,0,0,0,0,0,1,0,0.428571428571429,0,0,0
validateLongValue,8,1,0,3,1,0,0,9,3,0,0,0,20,48,2,1,0,1,0,0,0,2,1,1,0,6,14,0.2,1,0,0,0,1,0,0,0,1,0,0.333333333333333,0,1,0,1,0,1,0.25,0,1
validateIntegerValue,6,2,0,3,0,0,0,5,3,1,0,0,14,37,4,0,0,1,1,0,0,6,1,0,0,12,25,0.4,1,0,0.5,0,0,0,0,0,0.5,1,0.333333333333333,0,1,0,1,0.5,0.4375,0,1,0
validateLongValue,5,1,0,2,0,0,0,3,2,1,0,0,9,20,2,0,0,1,0,0,0,2,1,0,0,5,17,0.285714285714286,1,0,1,0,0,0,0,0,1,1,0.5,0,1,0,1,1,0.555555555555556,0,1,0
getPluginMetrics,6,2,1,9,0,0,0,5,7,2,0,0,24,51,3,0,0,2,0,0,0,1,1,0,0,5,6,0.333333333333333,1,0,0,0,0,0,0,0,1,0,0.2,0,0.25,0,1,0,0.333333333333333,0.214285714285714,0,0.25
openPostInReaderOrInAppWebview,11,4,1,12,2,0,0,12,6,0,0,0,40,75,6,0,1,2,1,0,0,6,2,0,0,12,16,0.352941176470588,1,0,0.333333333333333,0,0,0,0,0,1,0.333333333333333,0.666666666666667,0,0.333333333333333,0,1,0.333333333333333,0.666666666666667,0,0.333333333333333,0
getDescendants,6,3,0,2,0,0,0,7,0,0,0,0,16,27,2,0,0,3,0,0,0,3,1,0,0,7,18,0.25,0.333333333333333,0,0.6,0,0,0,0,0,1,0,1,0,0.2,0,1,0,0.333333333333333,0,1,0
getAmbuityParserInterpreter,27,7,0,23,2,0,0,36,5,0,0,3,85,195,2,0,0,4,0,0,0,6,1,0,1,13,49,0.068965517241379,1,0.428571428571429,0.125,0.125,0,0,0,0,1,0.125,1,0,0.125,0,1,0.125,1,0,0.125,0
trackLastVisibleTab,4,0,0,3,1,0,0,1,2,0,0,0,8,6,2,0,0,2,0,0,0,0,2,0,0,5,5,0.333333333333333,0,0,0,0,0,0,0,0,1,0,0.5,0,0,0,1,0,0.5,0.5,1,0
copyAttachments,29,2,0,26,9,0,0,16,3,0,0,2,63,69,2,0,0,2,0,0,0,0,0,0,0,2,0,0.064516129032258,0,0,0,0,0,0,0,0,1,0,0,0,0,0,1,0,0,0,0,0
evaluateTemplate,3,2,0,2,0,0,0,4,1,0,0,0,10,42,2,0,1,1,0,0,0,3,2,1,0,8,15,0.4,1,0,0.25,0,1,0,0,0,1,0,1,0,0.25,0,1,0,1,0,0.25,0
validateAndConvert,14,8,1,13,0,0,0,16,12,0,0,1,54,110,2,1,0,1,0,0,0,1,0,0,0,3,5,0.125,0.5,0,0.333333333333333,0,0,0,0,0,1,0.166666666666667,0,0,0,0,1,0,0,0,0,0
convertToDrel,10,1,1,3,1,0,0,4,2,1,0,0,15,33,15,1,0,10,3,0,0,13,7,2,2,42,72,0.6,1,1,1,0,1,0,1,0,1,1,1,0.833333333333333,1,1,1,1,1,0.857142857142857,1,1
collectGarbage,174,16,1,108,30,0,0,223,178,128,0,41,727,696,441,28,1,289,89,0,0,538,474,296,107,1814,1750,0.717073170731707,1,1,0,0,1,1,0,0,1,0,1,1,0,0,1,0,0.75,0.72279792746114,0,1
putOutTheGarbage,604,41,1,389,117,0,0,749,641,417,0,148,2495,2396,11,3,1,8,2,0,0,12,11,7,0,46,50,0.017886178861789,0.1,0.071428571428572,0,0,0.071428571428572,0,0,0,1,0,0.333333333333333,0,0,0,1,0,0.027777777777778,0.022617124394184,0,0
handleSendFailure,126,20,1,92,16,0,0,120,71,12,0,6,391,589,2,0,0,1,0,0,0,2,0,0,0,3,8,0.015625,0.142857142857143,0,0,0,0,0,0,0,1,0,0,0,0,0,1,0,0.028776978417266,0,1,0
getMouseAdapter,304,45,1,206,20,0,0,333,152,160,0,49,1001,1492,4,0,0,2,1,0,0,2,1,0,0,6,13,0.012987012987013,0.142857142857143,0,1,0,0,0,0,0,0.5,1,0.5,0,0,0,0.5,1,0.087912087912088,0,1,0
createNonOfficeElements,307,45,1,207,21,0,0,335,153,160,0,49,1005,1503,1,0,0,1,0,0,0,0,0,0,0,1,2,0.003246753246753,0,0,0,0,0,0,0,0,0.090909090909091,0.2,0,0,0,0,0.090909090909091,0.2,0.021978021978022,0,0.15,0
getMotherTonguePanel,304,43,1,205,21,0,0,330,152,159,0,49,995,1483,4,2,0,3,0,0,0,5,1,1,0,12,22,0.012987012987013,0.5,0,0,0,0.083333333333333,0,0,0,1,0,0.009009009009009,0,0.714285714285714,0,1,0,0.107142857142857,0,0,0
getTreeButtonPanel,304,45,1,206,20,0,0,333,152,160,0,49,1001,1492,4,0,0,2,1,0,0,2,1,0,0,6,13,0.012987012987013,0.142857142857143,0,0,0,0,0,0,0,0.5,0,0.5,0,0,0,0.5,0,0.087912087912088,0,0.142857142857143,0
availability,23,2,0,6,4,0,0,16,11,9,0,1,49,42,2,0,1,1,0,0,0,0,1,0,0,3,2,0.08,0,0,0,0,0,0,0,0,1,0,0.333333333333333,0,0,0,1,0,0.285714285714286,0,0,0
testRenderedTab,9,3,1,10,0,0,0,11,3,5,0,1,36,63,3,1,1,3,0,0,0,3,0,2,0,9,14,0.25,0.5,0,0.666666666666667,0,0.5,0,0.666666666666667,0,1,0,0,0,0,0,1,0,0.238095238095238,0,0.833333333333333,0
addDefaultHeaders,37,4,0,14,6,1,0,27,6,0,0,2,77,135,5,1,1,3,1,0,0,5,1,0,0,13,20,0.119047619047619,1,0.333333333333333,0.5,1,0,0,0,0,1,0.5,0.2,0,1,0,1,0.5,0.7,0,0.5,0
getBlogsForCurrentView,17,3,1,7,2,0,0,11,5,2,0,2,39,106,6,0,1,2,1,0,0,5,3,1,2,15,45,0.260869565217391,0.5,0.5,0.5,0.5,0.5,0,0.5,0,1,0.5,0.5,0.333333333333333,0.5,0.5,1,0,0.5,0.352941176470588,0.5,1
bail,44,6,1,18,7,0,0,44,34,22,0,5,162,129,2,0,1,1,0,0,0,1,1,1,0,4,6,0.043478260869565,0.142857142857143,0,0.333333333333333,0,0.142857142857143,0,0.333333333333333,0,1,0,0.035714285714286,0,0.666666666666667,0,1,0,0.142857142857143,0.023809523809524,0.333333333333333,1
nextRowInternally,43,1,1,13,6,0,0,33,18,18,0,7,119,129,15,1,1,8,2,0,0,11,7,6,3,42,37,0.258620689655172,1,0,1,0,1,0.6,1,1,1,1,0.28,0,1,0,1,1,0.636363636363636,0.283783783783784,1,1
createPreparedEvent,7,4,1,10,0,0,0,7,7,2,0,0,33,50,5,2,0,4,0,0,0,5,1,0,0,16,25,0.416666666666667,1,0,0.5,0,0,0,0,0,1,0.25,1,0,0.25,0,1,0.5,1,0.5,0.5,0.75
createEnvironmentPreparedEvent,6,3,1,8,0,0,0,6,5,1,0,0,27,41,7,2,0,7,0,0,0,8,4,1,0,26,43,0.538461538461538,1,0,0.5,0,1,0,0,0,1,0,1,0.5,0,0,1,0.5,1,0.727272727272727,0.5,1
performBasicMappingTest,16,3,1,25,0,0,0,14,6,3,0,0,62,74,39,6,1,89,0,0,0,63,27,6,3,211,274,0.709090909090909,1,1,0.12962962962963,0.111111111111111,1,1,0.037037037037037,0.018518518518519,1,0.055555555555556,1,1,0.037037037037037,0.037037037037037,1,0.12962962962963,1,0.932203389830508,0.055555555555556,0.240740740740741
isAvailableInModule,40,5,1,34,6,0,0,40,12,0,0,0,120,218,2,1,0,1,0,0,0,1,1,0,0,4,7,0.047619047619048,0.166666666666667,0,0,0,0,0,0,0,1,0,1,0,0,0,1,0,0.069767441860465,0.054054054054054,0,0
processResolveVariants,10,1,0,6,3,0,0,9,4,5,0,0,27,28,2,0,0,3,0,0,0,5,4,4,0,13,19,0.166666666666667,1,0.5,0.5,0.5,1,0.5,0.5,0.5,1,0.5,1,0.333333333333333,0.5,0.5,1,0.5,1,0.555555555555556,0.5,0.5
executeReloadAndWaitForCompletion,1,0,0,1,0,0,0,1,1,0,0,0,3,7,2,0,0,1,0,0,0,1,2,1,0,4,4,0.666666666666667,1,0,0,0,1,0,0,0,1,0,0.666666666666667,0,1,0,1,0,0.571428571428571,0,1,0
insertOrUpdate,8,3,0,5,1,1,0,12,5,4,0,0,42,26,7,0,1,4,1,1,0,14,4,3,0,48,30,0.466666666666667,0.75,0.666666666666667,0,0.538461538461538,0.6,0,0.384615384615385,0,1,0,0.5,0,0.538461538461538,0,1,0,0.536585365853659,0,0.846153846153846,0
updatedChannel,18,1,0,9,0,0,0,11,6,4,0,1,32,54,4,0,1,2,1,0,0,2,1,1,0,8,14,0.181818181818182,1,0,0,0,1,0,0,0,1,0,0.142857142857143,0,1,0,1,0,1,0,0,0
getSchemaProperties,66,14,1,68,9,0,0,87,6,4,0,1,230,497,2,1,0,1,0,0,0,1,0,0,0,3,5,0.029411764705882,1,0,0,0,0,0,0,0,1,0,0,0,0,0,1,0,0.035294117647059,0,0,0
registerSerializer,50,6,1,29,3,0,0,38,13,6,0,0,164,304,2,0,1,2,0,0,0,1,1,0,0,6,12,0.038461538461539,0.090909090909091,0,1,0,0,0,0,0,1,0,0.333333333333333,0,1,0,1,0,0.222222222222222,0,0,0
runTest,599,44,1,387,116,0,0,741,635,414,0,143,2475,2384,16,0,1,10,3,0,0,20,17,10,5,66,62,0.026016260162602,0.333333333333333,0.2,0,0,0.333333333333333,0.037037037037037,0,0,1,0,0.333333333333333,0.166666666666667,0,0,1,0,0.027777777777778,0.018691588785047,0.1,0.266666666666667
rescueMembersAndInstantiateSuperInterfaces,25,8,0,13,5,0,0,29,12,6,1,2,77,106,6,0,1,5,1,0,0,7,5,3,0,28,23,0.193548387096774,0.428571428571429,0.4,0,0,0.428571428571429,0,0,0,1,0,0.4,0,1,0,1,0,0.326086956521739,0,1,0
setSessionOption,1,0,0,1,0,0,0,1,1,0,0,0,3,8,9,2,1,5,0,0,0,5,4,0,0,20,36,0.9,1,0,1,0,0,0,0,0,1,0,1,0,1,0,1,0,1,1,1,1
pause,13,3,0,6,1,0,0,9,5,1,0,2,35,21,2,0,0,1,0,0,0,2,0,0,0,4,10,0.133333333333333,1,0,0.5,0,0,0,0,0,1,0.5,0,0,0,0,1,0.5,1,0,0.5,0
createNewWrapperCurrent,0,0,0,0,0,0,0,0,0,0,0,0,0,0,9,1,1,1,0,0,0,8,5,6,1,25,32,1,1,0,1,0,1,0,1,0,1,1,1,0,1,0,1,1,1,0,1,0
getHTTPGetAction,24,10,1,14,4,1,0,26,5,0,0,1,76,110,3,0,0,2,0,0,0,4,0,0,0,6,12,0.111111111111111,1,0.5,0.166666666666667,0,0,0,0,0,1,0,0,0,0,0,1,0,0.181818181818182,0,0.833333333333333,0
output,5,1,1,2,1,0,0,3,0,0,0,0,10,18,6,1,1,6,1,0,0,5,3,2,1,20,25,0.545454545454545,1,0,0.166666666666667,0,1,0,0.166666666666667,0,1,0.166666666666667,1,0,0.166666666666667,0,1,0.166666666666667,1,0.625,0.166666666666667,1
terminate,9,0,0,4,0,0,0,8,3,3,0,1,22,37,4,0,1,3,0,0,0,3,3,3,0,15,15,0.307692307692308,0.6,0,1,0,0.6,0,1,0,1,0,0.5,0,1,0,1,0,0.375,0,1,0
createUser,18,5,1,12,1,0,0,14,3,2,0,3,54,75,3,0,0,5,0,0,0,4,0,0,0,9,20,0.142857142857143,0.666666666666667,0,0,0,0,0,0,0,1,0,0,0,0,0,1,0,0.666666666666667,0.4,0,0
prepareWorkItemWithTaskVariables,24,5,1,37,0,0,0,30,16,6,0,0,115,172,2,0,1,2,0,0,0,1,1,0,0,5,8,0.076923076923077,0.5,0,0,0,0,0,0,0,1,0,0.1,0,0,0,1,0,0.3,0.1,0,0
testTaskWithExpectedDescription,12,1,1,27,0,0,0,17,13,3,0,0,70,91,14,4,1,12,0,0,0,14,4,3,0,53,90,0.538461538461538,1,1,0,0,1,0,0,0,1,0,0.5,0,0,0,1,0,1,1,0,0
classForName,25,3,0,8,5,0,0,16,6,0,0,2,50,80,2,0,0,1,0,0,0,1,1,0,0,3,9,0.074074074074074,0.25,0,0,0,0,0,0,0,1,0,0.5,0,1,0,1,0,0.142857142857143,0,1,0
classForName,25,3,0,8,5,0,0,15,6,0,0,1,48,80,2,0,0,1,0,0,0,2,1,0,1,5,9,0.074074074074074,0.5,0.166666666666667,0,0,0,0,0,0,0.5,0,0.5,0,0,0,0.5,0,0.5,0,0,0
isUpdate,2,1,0,3,0,0,0,7,6,3,0,0,19,45,13,4,1,15,2,1,0,13,12,8,0,65,79,0.866666666666667,1,1,0,0,1,1,0,1,1,0,0.666666666666667,0,1,0,1,0,1,0.75,0,1
fieldInitializer,16,4,1,15,4,1,0,18,6,2,0,0,56,104,2,0,1,1,0,0,0,1,2,1,0,5,9,0.111111111111111,1,0,0,0,1,0,0,0,1,0,1,0.142857142857143,0,1,1,0,1,0.068965517241379,0.5,1
isOrdered,6,0,0,3,0,0,0,1,2,0,0,0,12,17,4,0,1,2,1,0,0,5,1,0,0,11,13,0.4,1,0.5,0.5,1,0,0,0,0,1,0.5,1,0,0.5,0,1,0.5,0.411764705882353,0,1,0
isOrdered,0,0,0,0,0,0,0,0,0,0,0,0,0,0,2,0,0,2,0,0,0,0,2,0,0,5,7,1,0,0,0,0,0,0,0,0,1,0,1,0,1,0,1,0,1,0,1,0
getOperatorFunctionModifier,16,2,1,13,3,0,0,23,7,4,1,3,59,111,2,1,0,1,0,0,0,1,0,0,0,3,9,0.111111111111111,0.25,0,0,0,0,0,0,0,1,0,0,0,0,0,1,0,0.076923076923077,0.074074074074074,0.5,0.75
checkRequest,4,0,0,2,1,0,0,4,2,1,0,0,9,24,2,0,0,1,0,0,0,2,1,0,0,5,15,0.333333333333333,0.5,0,0.666666666666667,0,0,0,0,0,1,0,0.333333333333333,0,0.666666666666667,0,1,0,0.357142857142857,0,1,0
migration,50,14,1,38,5,1,0,51,5,3,0,3,141,238,8,2,1,9,0,0,0,10,2,1,0,27,48,0.137931034482759,0.5,0.25,0.125,0.125,0.25,0,0.125,0,1,0.125,0.5,0.2,0.125,0.25,1,0.125,0.358974358974359,0.25,0.375,0.125
getErrorMessage,27,6,1,18,6,0,0,29,8,0,0,2,84,140,2,0,1,1,0,0,0,1,1,0,0,4,9,0.068965517241379,0.166666666666667,0,0,0,0,0,0,0,1,0,0.25,0,0,0,1,0,0.175,0,0,0
sdkInitialize,25,1,1,18,2,0,0,14,22,9,0,3,75,94,1,0,0,1,0,0,0,0,0,0,0,1,2,0.038461538461539,0,0,0,0,0,0,0,0,1,0.076923076923077,0,0,0,0,1,0.076923076923077,0.105263157894737,0,0.461538461538462,0
craftIntent,9,4,1,4,0,0,0,11,6,3,0,1,36,40,4,0,1,5,0,0,0,6,1,1,0,17,32,0.307692307692308,1,0.6,0,0.555555555555556,1,0,0.111111111111111,0,1,0,0.5,0,0.222222222222222,0,1,0,0.833333333333333,0,0,0
getUTXOs,0,0,0,0,0,0,0,0,0,0,0,0,0,0,20,2,1,6,3,0,0,14,11,9,1,53,93,1,1,0,1,0,1,0,1,0,1,0.5,1,0,1,0,1,1,1,1,0.5,1
getCandidateDirInTier,23,8,0,17,4,1,0,28,5,3,0,3,69,112,5,0,0,2,1,0,0,6,0,0,2,11,10,0.178571428571429,0.5,0.375,0.25,0.25,0,0,0,0,0.5,0.25,0,0,0,0,0.5,0.25,0,0,0,0
initializeGeneralGlobals,12,0,1,12,0,0,0,24,24,24,0,0,72,132,15,0,1,15,0,0,0,28,28,28,0,100,156,0.555555555555556,1,0.538461538461538,0.027027027027027,1,1,0.538461538461538,0.027027027027027,1,1,0.027027027027027,1,0.555555555555556,0.027027027027027,1,1,0.027027027027027,1,0.566265060240964,0.027027027027027,1
initializeNashornGlobals,15,0,1,16,0,0,0,30,30,30,0,0,91,167,12,0,1,11,0,0,0,22,22,22,0,77,121,0.444444444444444,1,0.423076923076923,0,0.5,1,0.423076923076923,0,0.5,1,0,1,0.407407407407407,0,1,1,0,1,0.427184466019418,0,1
launchTask,2,1,0,1,0,0,0,5,1,0,0,0,8,32,3,0,0,2,0,0,0,4,2,1,0,10,22,0.6,1,0,0.25,0,1,0,0.25,0,1,0.25,0.666666666666667,0,0.75,0,1,0.25,1,0,0.25,0
matchOverflow,100,6,0,9,19,3,0,185,111,116,0,37,579,354,2,0,1,1,0,0,0,3,3,2,1,13,9,0.019607843137255,0.25,0,0.25,0,0.111111111111111,0,0.5,0,0.5,0,0.028301886792453,0,0.75,0,0.5,0,0.026392961876833,0,0.75,0
printNotifyInsert,375,100,1,392,54,0,0,477,106,144,0,14,1505,2385,2,0,1,1,0,0,0,1,0,0,0,3,6,0.005305039787798,0.029411764705882,0,0.2,0,0,0,0,0,0.5,0,0,0,0,0,0.5,0,0.005080440304826,0,0.7,0
createCountsTracker,16,5,0,28,0,0,0,20,28,11,0,0,90,143,3,0,1,4,0,0,0,2,3,0,0,10,11,0.157894736842105,0.25,0,0,0,0,0,0,0,0.5,0,0.5,0.2,0,0,0.5,0,0.2,0,0,0
createCountsTracker,32,8,1,63,0,0,0,37,55,6,0,0,247,272,3,0,1,6,0,0,0,2,6,0,0,27,22,0.085714285714286,0.125,0,0,0,0,0,0,0,1,0,0.142857142857143,0.125,0,0,1,0,0.142857142857143,0.125,0,0
readCharacter,7,1,0,3,2,0,0,5,3,2,0,0,14,13,2,0,1,1,0,0,0,1,1,0,0,4,4,0.222222222222222,0.25,0,0.666666666666667,0,0,0,0,0,1,0.333333333333333,1,0,0.333333333333333,0,1,0.333333333333333,1,0,0.333333333333333,0
getEntityForm,21,8,0,30,2,0,0,24,3,2,0,0,70,155,2,0,0,3,0,0,0,4,1,1,0,10,16,0.086956521739131,1,0,0,0,1,0,0,0,1,0,1,0,0,0,1,0,0.125,0,0.666666666666667,0
privacyStringForValue,27,0,1,21,5,0,1,26,15,13,0,0,86,161,4,0,1,4,0,0,0,4,2,2,0,13,26,0.129032258064516,0.666666666666667,0,0,0,0.666666666666667,0,0,0,1,0,0.125,0,0,0,1,0,0.16,0.126984126984127,1,1
signFrameworks,23,3,1,24,4,0,0,22,17,6,0,0,78,149,4,0,1,4,1,0,0,3,3,1,0,15,23,0.148148148148148,1,0,0.5,0,0.333333333333333,0,0.5,0,1,0.5,0.15,0,0.5,0,1,0.5,0.222222222222222,0,1,0
flushPersistentObjects,21,4,0,17,4,0,0,25,15,12,0,0,69,228,2,0,1,2,0,0,0,2,1,0,0,7,16,0.086956521739131,0.25,0,0.5,0,0,0,0,0,1,0.5,0.071428571428572,0,1,0,1,0.5,0,0,0,0
dummy,18,3,1,15,3,0,0,17,12,2,0,0,55,84,2,0,1,2,0,0,0,1,1,0,0,5,7,0.1,0.25,0,0,0,0,0,0,0,1,0,1,0,0,0,1,0,1,0.115384615384615,0,0.666666666666667
generateSingleCopyFilesBuildPhase,7,3,0,5,1,0,0,6,2,0,0,0,16,36,10,5,1,8,0,0,0,10,1,0,0,28,62,0.588235294117647,1,0.5,0,0,0,0,0,0,1,0,0.5,0,0.333333333333333,0,1,0,0.631578947368421,0.5,0,0.333333333333333
visitTagParse,26,6,1,10,2,0,1,21,15,8,0,0,59,125,15,3,1,9,3,0,0,15,5,2,0,46,79,0.365853658536585,1,1,0,0,1,0,0,0,1,0,1,0,0,0,1,0,1,0.656716417910448,0,1
visitTagEliminateAllocation,34,8,1,16,5,0,1,30,15,7,0,0,85,160,7,1,1,3,0,0,0,6,5,3,0,22,45,0.170731707317073,1,0.5,0,0,0.5,0,0,0,1,0,0.5,0,0,0,1,0,0.5,0,0,0
createGrid,7,3,1,8,0,0,0,6,1,0,0,0,24,33,3,0,1,4,0,0,0,2,0,0,0,9,8,0.3,1,0,0.125,0,0,0,0,0,1,0.125,0,0,0,0,1,0.125,0.230769230769231,0,1,0
addJarsToRoots,1,1,0,1,0,0,0,1,1,0,0,0,4,11,9,2,1,9,2,1,0,11,6,2,1,38,58,0.9,1,0,0.25,0,1,0,0.25,0,1,0.25,1,1,0.25,0.25,1,0.25,0.833333333333333,0,0.25,0
fillWithScopeExpansion,33,5,0,18,6,3,0,33,35,24,0,2,120,177,2,0,0,2,0,1,0,4,2,1,0,11,24,0.057142857142857,1,0,0,0,1,0,0,0,1,0,0.066666666666667,0.052631578947369,0.5,0.75,1,0,0.074766355140187,0,0.75,0
resolveAndDownloadImpl,23,4,0,10,3,0,0,15,7,0,0,0,43,155,8,0,0,3,0,0,0,5,1,0,0,15,48,0.258064516129032,1,0.666666666666667,0,0.166666666666667,0,0,0,0,1,0,1,0,0,0,1,0,1,1,0,0
movePanel,7,1,0,3,2,0,0,7,3,3,0,1,19,25,3,1,1,4,0,0,0,7,6,4,0,27,23,0.3,1,0,0,0,1,0,0,0,1,0.5,1,1,0.5,0.5,1,0.5,1,0.666666666666667,0.5,0.5
saveLocation,8,0,0,5,2,0,0,10,7,7,0,3,27,39,2,0,0,1,0,0,0,2,1,1,1,6,8,0.2,1,0,0,0,1,0,0,0,1,0,0.2,0,1,0,1,0,0.222222222222222,0.190476190476191,0,1
getConnectionAddress,20,2,1,10,3,1,0,22,12,12,0,2,71,109,2,0,0,1,0,0,0,0,1,0,0,3,3,0.090909090909091,0,0,0,0,0,0,0,0,1,0,0.076923076923077,0,1,0,1,0,0.056603773584906,0,1,0
_testParamValidatedResourceNoParam,1,1,1,7,0,0,0,2,2,2,0,0,15,18,2,0,1,2,0,0,0,1,2,0,0,6,7,0.666666666666667,1,0,0.5,0,0,0,0,0,1,0.5,1,0,0.5,0,1,0.5,1,0,0.5,0
_testParamValidatedResourceParamProvided,1,1,1,8,0,0,0,2,2,2,0,0,18,22,2,0,1,2,0,0,0,1,2,0,0,6,7,0.666666666666667,1,0,0.5,0,0,0,0,0,1,0.5,1,0,0.5,0,1,0.5,1,0,0.5,0
_testPropertyValidatedResourceParamProvided,1,1,1,8,0,0,0,2,2,2,0,0,18,22,2,0,1,2,0,0,0,1,2,0,0,6,7,0.666666666666667,1,0,0.5,0,0,0,0,0,1,0.5,1,0,0.5,0,1,0.5,1,0,0.5,0
_testOldFashionedResourceNoParam,1,1,1,7,0,0,0,1,1,1,0,0,13,13,2,0,1,3,0,0,0,1,2,0,0,7,7,0.666666666666667,1,0,0.5,0,0,0,0,0,1,0.5,1,0,0.5,0,1,0.5,1,0,0.5,0
_testPropertyValidatedResourceNoParam,1,1,1,7,0,0,0,2,2,2,0,0,15,18,2,0,1,2,0,0,0,1,2,0,0,6,7,0.666666666666667,1,0,0.5,0,0,0,0,0,1,0.5,1,0,0.5,0,1,0.5,1,0,0.5,0
_testFieldValidatedResourceNoParam,1,1,1,7,0,0,0,2,2,2,0,0,15,18,2,0,1,2,0,0,0,1,2,0,0,6,7,0.666666666666667,1,0,0.5,0,0,0,0,0,1,0.5,1,0,0.5,0,1,0.5,1,0,0.5,0
_testOldFashionedResourceParamProvided,0,0,0,0,0,0,0,0,0,0,0,0,0,0,3,1,1,10,0,0,0,3,4,2,0,24,31,1,1,0,0.5,0,1,0,0.5,0,1,0,1,0,0.5,0,1,1,1,0,1,0
_testFieldValidatedResourceParamProvided,1,1,1,8,0,0,0,2,2,2,0,0,18,22,2,0,1,2,0,0,0,1,2,0,0,6,7,0.666666666666667,1,0,0.5,0,0,0,0,0,1,0.5,1,0,0.5,0,1,0.5,1,0,0.5,0
setProtectionPassword,65,7,1,35,4,0,1,50,31,18,0,15,170,214,3,0,1,4,0,0,0,0,2,0,0,10,10,0.044117647058824,0,0,0,0,0,0,0,0,1,1,0.111111111111111,0,1,0,1,1,0.075949367088608,0,1,0
getAvailableRequests,10,2,0,3,2,0,0,8,3,2,0,0,25,31,12,1,1,4,3,0,0,14,2,2,1,29,38,0.545454545454545,1,0.5,0,0.4,1,0.5,0.2,0,1,0,0.666666666666667,0,0,0,1,0,1,0.642857142857143,0,0.4
createExchange,1,0,0,2,0,0,0,3,1,0,0,0,7,21,2,1,0,1,0,0,0,1,0,0,0,3,9,0.666666666666667,1,0,0.333333333333333,0,0,0,0,0,1,0.333333333333333,0,0,0,0,1,0.333333333333333,0,0,0,0
readClassFromCamelResource,140,34,1,93,23,1,0,149,12,0,0,3,427,977,12,2,1,4,1,0,0,7,0,0,0,17,37,0.078947368421053,1,0.166666666666667,0,0,0,0,0,0,1,0,0,0,0,0,1,0,0.111111111111111,0,0.2,0
getFieldInitializerNullness,46,9,0,17,12,1,0,37,21,9,0,3,109,122,2,0,0,1,0,0,0,2,1,0,0,4,9,0.041666666666667,0.5,0,0,0,0,0,0,0,1,0,0.2,0,0.4,0,1,0,0.083333333333333,0,1,0
statsForOneColumnFromProtoBuf,70,12,1,101,13,0,0,85,2,0,0,0,214,287,2,0,0,3,0,0,0,2,0,0,0,5,6,0.027777777777778,0.2,0,0.111111111111111,0,0,0,0,0,1,0.111111111111111,0,0,0,0,1,0.111111111111111,0,0,0,0
customizeComponents,0,0,0,0,0,0,0,0,0,0,0,0,0,0,18,0,1,23,0,0,0,30,35,22,3,121,212,1,1,0,1,0,1,0,1,0,1,0.333333333333333,1,0,1,0,1,1,1,0,1,0
customizeComponents,6,0,0,2,0,0,0,6,3,2,0,1,15,32,12,0,1,21,0,0,0,24,32,20,2,103,179,0.666666666666667,1,0,1,0,1,0,1,0,1,0.333333333333333,1,1,0.166666666666667,0.333333333333333,1,1,1,0.758928571428571,1,1
createPlatformToolProvider,2,2,0,1,0,0,0,1,1,0,0,0,6,12,15,1,1,14,2,0,0,25,8,6,0,61,112,0.882352941176471,1,1,0.545454545454545,0.272727272727273,1,0,0.090909090909091,0,1,0.272727272727273,1,0,0.090909090909091,0,1,0.545454545454545,1,0.915254237288135,0.363636363636364,0.909090909090909
clear,5,1,0,3,0,0,0,10,4,5,0,0,24,22,2,0,0,1,0,0,0,2,1,1,0,6,6,0.285714285714286,0.5,0,1,0,0.5,0,1,0,1,1,0.25,0,1,0,1,1,0.5,0,1,0
getAllPathsWork,5,1,0,4,1,0,0,4,2,1,0,0,11,28,2,0,0,2,0,0,0,3,1,1,0,7,18,0.285714285714286,1,0.5,0.25,0.25,1,0,0.25,0,1,0,0.5,0,0.5,0,1,0,0.428571428571429,0,0.75,0
getTargetsAndDependencies,27,5,1,27,2,0,0,22,10,0,0,1,75,174,2,0,0,1,0,0,0,2,1,0,0,5,17,0.068965517241379,0.333333333333333,0.083333333333333,0.4,0.4,0,0,0,0,1,0,0.166666666666667,0,0.2,0,1,0,0.142857142857143,0,1,0
findPsiFile,8,3,0,5,2,0,0,6,2,0,0,0,21,34,12,4,1,2,2,0,0,12,3,2,1,31,36,0.6,1,0.5,0,0,1,0,0,0,1,0,1,0,0,0,1,0,1,0.714285714285714,0,0.666666666666667
checkInterfaceModifiers,12,2,0,10,4,0,0,15,7,4,0,0,38,61,2,1,0,1,0,0,0,1,1,0,0,4,7,0.142857142857143,0.166666666666667,0,0.5,0,0,0,0,0,1,0.5,1,0,0.5,0,1,0.5,0.05,0,1,0
handleExcludeMethods,57,20,1,50,9,2,0,75,19,4,0,4,201,363,2,0,0,2,0,0,0,2,1,0,1,6,7,0.033898305084746,0.333333333333333,0.090909090909091,0,0,0,0,0,0,1,0,0.2,0,1,0,1,0,0.067796610169492,0,1,0
handleMethodPermissions,4,1,0,3,1,0,0,3,1,0,0,0,11,22,55,19,1,49,8,2,0,74,19,4,5,199,348,0.932203389830508,1,1,1,1,1,0,1,0,1,1,1,1,1,1,1,1,1,0.957446808510638,1,1
initTimeMap,7,1,1,22,0,0,0,12,17,0,0,0,109,265,2,0,1,1,0,0,0,1,0,0,0,4,9,0.222222222222222,0.076923076923077,0,0.875,0,0,0,0,0,1,0.125,0,0,0,0,1,0.125,0.040816326530612,0.027522935779817,1,1
toByteArray,49,8,1,17,3,0,0,44,10,9,0,3,120,143,2,0,0,1,0,0,0,1,0,0,0,3,7,0.03921568627451,0.111111111111111,0,0.4,0,0,0,0,0,0.2,0.2,0,0,0,0,0.333333333333333,0.2,0.2,0,0.2,0
formatCSV,0,0,0,0,0,0,0,0,0,0,0,0,0,0,2,0,0,1,0,0,0,3,1,0,0,7,21,1,1,0,0,0,0,0,0,0,1,0,1,0,1,0,1,0,1,0,1,0
formatCSV,0,0,0,0,0,0,0,0,0,0,0,0,0,0,2,0,0,1,0,0,0,3,1,0,0,7,21,1,1,0,0,0,0,0,0,0,1,0,1,0,1,0,1,0,1,0,1,0
isSubtype,28,5,0,16,8,1,0,15,7,0,0,0,63,81,2,0,0,2,0,0,0,1,2,0,0,6,10,0.066666666666667,0.142857142857143,0,0.625,0,0,0,0,0,1,0,1,0,0.125,0,1,0,0,0,0,0
isSubtype,12,2,0,15,3,0,0,21,6,9,0,0,58,73,4,0,1,1,1,0,0,0,1,0,0,4,3,0.25,0,0,0,0,0,0,0,0,1,0.333333333333333,0.2,0,0.666666666666667,0,1,0.333333333333333,0,0,0,0
parseTransactions,4,0,0,0,1,0,0,3,2,3,0,1,6,7,19,3,1,7,1,0,0,30,14,21,9,82,69,0.826086956521739,1,1,0.1,0.2,1,0,0.2,0,1,0.1,1,0.846153846153846,0.1,0.8,1,0.1,1,0.888888888888889,0.2,0.9
showItemPopupOptionsMenu,10,4,0,14,1,0,0,15,6,4,0,0,44,67,3,0,0,4,0,0,0,2,1,1,0,7,5,0.230769230769231,1,0,0,0,1,0,0,0,1,0,0.166666666666667,0,0,0,1,0,0.375,0,0,0
showItemPopupOptionsMenu,1,0,0,0,0,0,0,0,0,0,0,0,1,0,40,8,1,36,2,0,0,36,17,8,1,126,179,0.975609756097561,1,1,0.444444444444444,0.444444444444444,1,1,0.111111111111111,0,1,0.333333333333333,1,0,0.222222222222222,0,1,0.222222222222222,1,1,0.555555555555556,0
closeOpenStatements,22,1,1,9,4,0,0,22,21,21,0,2,61,94,10,1,1,3,1,0,0,7,2,1,0,21,15,0.3125,1,1,0.5,0.5,0.5,0,1,0,1,0,0.095238095238095,0,1,0,1,0.5,0.28,0.117647058823529,1,1
invokeMethod,1,1,0,2,0,0,0,2,0,1,0,0,5,8,2,0,0,6,0,1,0,4,2,2,0,13,12,0.666666666666667,1,0,0.5,0,1,0,0.5,0,1,0.5,1,0,0.5,0,1,0.5,1,0.857142857142857,0.5,1
createDepthAndStencilBuffer,100,15,1,61,15,0,0,176,171,131,0,15,536,507,4,0,1,5,0,0,0,5,8,5,0,27,28,0.038461538461539,0.666666666666667,0.5,0,0,0.666666666666667,0.5,0,0,1,0,0.045454545454546,0,1,0,1,0,0.146341463414634,0.046709129511677,1,1
copy,28,6,1,12,4,0,0,22,7,3,0,4,68,119,4,0,1,2,0,0,0,6,0,0,1,12,6,0.125,1,0,0.5,0,0,0,0,0,1,0.5,0,0,0,0,1,0.5,0,0,0,0
assertCanRead,3,1,0,6,0,0,0,5,5,3,0,0,20,29,2,0,1,3,0,0,0,2,2,1,0,8,11,0.4,1,0.333333333333333,0,1,1,0,0,0,1,0,1,0,0,0,1,0,0.333333333333333,0,0,0
getIntervalHistogram,97,10,1,52,16,0,0,159,54,84,0,10,395,512,5,0,1,2,1,0,0,5,2,0,0,13,20,0.049019607843137,0.5,0.166666666666667,0,0,0,0,0,0,1,0,0.043478260869565,0,0.5,0,1,0,0.115942028985507,0.017291066282421,0.25,0.75
getFileNamesToCreate,14,3,1,7,0,1,0,8,6,2,0,0,40,81,7,0,0,2,0,0,0,3,2,1,0,12,33,0.333333333333333,1,0,0,0,1,0,0,0,1,0,0.5,0,0.5,0,1,0,0.5,0,0.5,0
createJobRawOutput,8,5,1,11,0,0,0,10,9,2,0,0,39,79,2,1,0,1,0,0,0,1,1,0,0,4,7,0.2,1,0,0,0,0,0,0,0,1,0,1,0,0,0,1,0,0.5,0.135135135135135,0.142857142857143,0.857142857142857
createJobRawOutput,7,5,1,9,0,0,0,8,7,2,0,0,31,63,3,1,1,3,0,0,0,3,3,0,0,12,23,0.3,1,1,0.285714285714286,0.142857142857143,0,0,0,0,1,0.142857142857143,1,0,0.142857142857143,0,1,0.285714285714286,1,0,0.142857142857143,0
getDataFile,2,0,0,1,0,0,0,2,0,0,0,0,3,4,4,1,1,4,0,0,0,3,2,0,0,14,20,0.666666666666667,1,1,0,1,0,0,0,0,1,1,1,0,1,0,1,0,1,0,1,0
getDocumentationText,35,10,0,31,2,0,0,38,13,7,0,1,104,145,4,2,1,3,0,0,0,4,0,0,0,12,20,0.102564102564103,1,0,0,0,0,0,0,0,1,0,0,0,0,0,1,0,0.666666666666667,0.3,0,0
setMaxRequestsPerConnection,1,0,0,0,0,0,0,0,1,0,0,0,2,2,14,0,1,1,1,0,1,11,5,5,2,32,47,0.933333333333333,1,0,0.666666666666667,0,1,0,0.333333333333333,0,1,0.333333333333333,1,0,0.333333333333333,0,1,0.666666666666667,1,0,0.666666666666667,0
getPreparedQuery,14,3,0,4,2,0,0,21,7,7,0,3,43,123,3,0,1,3,0,0,0,4,2,1,1,12,19,0.176470588235294,1,0,0.2,0,1,0,0.2,0,1,0.2,0.222222222222222,0,0.6,0,1,0.2,1,0,0.2,0
setMpUniqueIdListener,4,0,0,2,1,0,0,6,4,4,0,1,18,27,2,0,1,2,0,0,0,2,2,2,0,9,10,0.333333333333333,1,0.333333333333333,0.5,1,1,0.333333333333333,0.5,1,1,0.5,0.333333333333333,0,1,0,1,0.5,0.333333333333333,0,1,0
initTickerView,284,15,1,163,35,2,0,345,323,300,0,64,1070,1445,2,0,0,2,0,0,0,2,1,1,0,6,8,0.006993006993007,0.25,0.142857142857143,0,0,0.142857142857143,0,0,0,0.5,0,0.004048582995951,0,1,0,0.5,0,0.133333333333333,0.006335797254488,0,1
fireEvent,2,0,0,0,1,0,0,1,1,1,0,0,4,4,2,0,0,1,0,0,0,2,1,1,0,5,10,0.5,1,0,1,0,1,0,1,0,1,1,0.5,0,1,0,1,1,0.666666666666667,0,1,0
rewriteLinksInDocument,3,1,0,2,0,0,0,4,0,0,0,0,8,20,3,1,0,1,0,0,0,2,1,1,0,6,17,0.5,1,0,0.25,0,1,0,0.25,0,1,0.25,1,0,0.25,0,1,0.25,0,0,0,0
open,17,0,1,4,4,1,0,15,15,12,1,5,57,74,2,0,1,1,0,0,0,0,1,0,0,5,3,0.105263157894737,0,0,0,0,0,0,0,0,1,0.111111111111111,0.076923076923077,0,1,0,1,0.111111111111111,0.071428571428572,0,1,0
reset,6,1,0,4,1,0,0,4,4,1,0,0,13,15,2,0,0,1,0,0,0,0,1,0,0,3,3,0.25,0,0,0,0,0,0,0,0,1,0.333333333333333,0.2,0,1,0,1,0.333333333333333,0.1875,0,1,0
fillUpRegistryOfServer,21,8,1,21,2,0,0,25,7,4,0,0,77,148,2,0,0,1,0,0,0,1,0,0,0,2,3,0.086956521739131,0.5,0,0.25,0,0,0,0,0,1,0.125,0,0,0,0,1,0.125,0.230769230769231,0,0.375,0
initialize,51,6,1,52,3,0,0,83,58,41,0,4,235,635,2,0,0,1,0,0,0,3,2,1,0,7,18,0.037735849056604,0.5,0,0,0,0.125,0,0.8,0,1,0,1,0,0,0,1,0,1,0,0,0
getIconImageURL,14,2,1,11,4,0,0,14,11,2,0,0,46,104,5,0,1,2,1,0,0,5,1,1,0,11,17,0.263157894736842,1,0,0,0,1,0,0,0,1,0,0.166666666666667,0,0.4,0,1,0,0.305555555555556,0,0.8,0
reserveSpace,13,2,1,13,2,0,0,16,13,5,0,1,50,81,2,0,0,1,0,0,0,1,1,0,0,3,11,0.133333333333333,0.25,0,0,0,0,0,0,0,1,0,0.333333333333333,0,0,0,1,0,0.25,0,0.5,0
buildNotificationNavigationStack,121,28,0,111,16,7,0,217,64,20,0,12,494,1142,2,0,0,2,0,0,0,8,1,1,0,12,40,0.016260162601626,0.25,0.2,0,0.2,0.25,0,0,0,1,0,0.038461538461539,0,0.4,0,1,0,0.04270462633452,0,0.4,0
performBasicMappingTest,53,9,1,117,0,0,0,73,32,8,0,2,269,329,3,0,0,4,0,0,0,4,2,1,1,12,18,0.053571428571429,0.333333333333333,0.095238095238095,0.055555555555556,0.388888888888889,0.333333333333333,0,0.055555555555556,0,1,0.018518518518519,0.333333333333333,0,0.055555555555556,0,1,0.018518518518519,0.333333333333333,0.057142857142857,0.055555555555556,0.333333333333333
generateFakeEndpoints,6,3,1,4,0,0,0,8,2,0,0,0,24,31,4,2,1,3,0,0,0,6,1,0,0,15,19,0.4,1,0,0.333333333333333,0,0,0,0,0,1,0.333333333333333,1,0,0.333333333333333,0,1,0.333333333333333,1,0.625,0.333333333333333,0.333333333333333
generateSplitsInfo,40,13,1,21,4,0,0,42,11,9,0,0,99,218,2,0,1,2,0,0,0,3,1,1,0,9,10,0.047619047619048,1,0.333333333333333,0.111111111111111,0.333333333333333,0.333333333333333,0,0.333333333333333,0,1,0.111111111111111,0.125,0,0.444444444444444,0,1,0.111111111111111,0.333333333333333,0.076086956521739,0.333333333333333,0.777777777777778
createTableName,1,0,0,0,0,0,0,1,0,0,0,0,1,2,7,2,1,5,0,0,0,10,6,4,0,29,48,0.875,1,1,0,0.333333333333333,1,0,0.333333333333333,0,1,0.333333333333333,1,0,0.666666666666667,0,1,0.666666666666667,1,0.9375,0.666666666666667,1
makeCasRequest,11,5,1,13,1,0,0,19,7,0,0,0,51,129,3,1,1,1,0,0,0,5,2,1,0,13,25,0.214285714285714,1,0,0.111111111111111,0,1,0,0.111111111111111,0,1,0.111111111111111,0.25,0,0.555555555555556,0,1,0.111111111111111,1,0.125,0.111111111111111,0.222222222222222
makeCasRequest,28,13,1,20,4,0,0,47,6,3,0,2,110,211,7,0,1,5,2,0,0,10,1,0,1,21,37,0.2,0.6,0.5,0.333333333333333,0.166666666666667,0,0,0,0,1,0.166666666666667,1,0,0.166666666666667,0,1,0.166666666666667,0.375,0,0.166666666666667,0
assertInvalidThrowMessage,9,1,1,11,1,1,0,15,7,1,0,0,59,149,4,0,1,1,1,0,0,3,1,0,0,7,22,0.307692307692308,1,0,1,0,0,0,0,0,1,1,0.166666666666667,0,1,0,1,1,0.171428571428571,0,1,0
sendRequest,14,1,1,7,2,0,0,7,7,3,0,1,36,45,4,0,1,2,1,0,0,4,3,3,0,11,18,0.222222222222222,1,0,0.5,0,1,0,0.5,0,1,0.5,0.4,0,0.5,0,1,0.5,1,0.227272727272727,0.5,0.5
unionTester,5,3,0,4,0,0,0,10,3,1,0,0,22,59,12,7,1,16,0,0,0,16,5,0,0,50,92,0.705882352941176,1,1,0.25,0.125,0,0,0,0,1,0.0625,1,0.8,0.0625,0.3125,1,0.25,1,0,0.375,0
add,13,2,0,9,3,0,0,20,7,6,0,1,42,122,2,0,0,1,0,0,0,2,1,1,0,5,10,0.133333333333333,1,0,0.25,0,1,0,0.25,0,1,0.25,0.25,0,0.75,0,1,0.25,0,0,0,0
setMedia,9,1,0,9,1,0,0,13,8,7,0,0,35,66,2,1,0,3,0,0,0,2,2,2,0,10,12,0.181818181818182,0.5,0.25,0.285714285714286,0.571428571428571,0.5,0.25,0.285714285714286,0.571428571428571,1,0.142857142857143,0.222222222222222,0,1,0,1,0.142857142857143,0.5,0.4,0.285714285714286,0.142857142857143
dumpConfig,34,6,1,50,1,0,0,31,11,2,0,0,125,319,2,0,1,7,0,0,0,4,0,0,0,13,36,0.055555555555556,0.4,0.071428571428572,0.2,0.2,0,0,0,0,1,0.2,0,0,0,0,1,0.2,0.181818181818182,0,0.6,0
getCustomRoutingCol,8,0,0,2,2,0,0,5,3,3,0,0,16,22,10,2,1,4,3,0,0,8,5,3,0,31,54,0.555555555555556,1,1,0.5,0.5,1,0,0.5,0,1,0.5,1,0.571428571428571,0.5,0.5,1,0.5,1,1,0.5,0.5
getIdentityKeyCursor,7,3,1,5,0,1,0,9,3,2,0,0,27,56,7,2,1,4,1,0,0,13,5,4,1,43,63,0.5,1,1,0.1,0.2,1,0,0.1,0,1,0.1,1,0.666666666666667,0.1,0.3,1,0.2,0.666666666666667,0,0.3,0
run0,27,6,1,24,4,1,0,32,7,2,0,0,82,213,2,0,1,1,0,0,0,2,0,0,0,4,17,0.068965517241379,0.333333333333333,0.111111111111111,0.75,0.5,0,0,0,0,1,0.25,0,0,0,0,1,0.25,0.074074074074074,0,0.75,0
internalStoreStatsHistoryInFile,5,2,0,2,0,0,0,6,4,3,0,0,15,38,17,2,1,6,1,0,0,11,3,1,1,30,45,0.772727272727273,1,0,1,0,1,0,1,0,1,1,1,0,1,0,1,1,1,0.7,1,1
deferredElements,19,3,0,15,1,0,0,16,17,8,0,0,59,125,2,0,0,3,0,0,0,4,2,1,0,10,16,0.095238095238095,1,0.2,0.25,0.75,0.5,0,0.5,0,1,0.25,0.5,0,0.5,0,1,0.25,0.4,0.214285714285714,0.5,1
getDeploymentGroup,9,2,1,4,0,0,0,8,3,2,0,0,27,61,2,0,0,1,0,0,0,2,2,1,0,5,8,0.181818181818182,1,0,1,0,1,0,1,0,1,1,1,0,1,0,1,1,0.666666666666667,0,1,0
readCaffeModel,2,2,0,1,0,0,0,2,1,0,0,0,8,22,3,1,1,2,0,0,0,3,1,0,0,11,12,0.6,1,0,0.666666666666667,0,0,0,0,0,1,0.333333333333333,1,0,0.333333333333333,0,1,0.666666666666667,0.6,0,1,0
configKey,10,2,0,15,1,0,0,14,2,1,0,1,41,85,2,0,1,2,0,0,0,2,0,0,0,6,7,0.166666666666667,0.333333333333333,0,0.833333333333333,0,0,0,0,0,1,0.166666666666667,0,0,0,0,1,0.166666666666667,0,0,0,0
allTopLevelNodes,39,3,1,31,4,0,0,64,57,52,0,2,185,326,2,0,0,1,0,0,0,2,1,1,0,5,9,0.048780487804878,1,0.142857142857143,0.5,0.5,1,0,0.5,0,1,0.5,0.045454545454546,0,0.5,0,1,0.5,0.166666666666667,0.081081081081081,0.5,0.5
addInterceptor,2,0,0,1,0,0,0,4,2,2,0,1,10,18,4,0,0,1,1,0,0,3,1,1,0,6,14,0.666666666666667,1,0,0.333333333333333,0,1,0,0.333333333333333,0,1,0.333333333333333,0.333333333333333,0,1,0,1,0.333333333333333,1,0.384615384615385,0.333333333333333,1
buildErrorResponse,20,3,0,20,5,0,0,22,0,0,0,0,54,130,2,0,0,3,0,0,0,2,0,0,0,5,10,0.090909090909091,0.142857142857143,0,0.857142857142857,0,0,0,0,0,1,0.142857142857143,0,0,0,0,1,0.142857142857143,0.105263157894737,0,1,0
hepPlan,19,7,0,15,1,0,0,23,3,0,0,1,54,142,2,0,0,2,0,0,0,3,1,0,1,7,16,0.095238095238095,0.5,0.4,0.071428571428572,0.142857142857143,0,0,0,0,1,0.071428571428572,1,0,0.071428571428572,0,1,0.071428571428572,0.5,0,0.142857142857143,0
toCanonicalPath,60,9,1,21,12,1,0,62,5,0,0,6,161,177,2,0,0,1,0,0,0,1,0,0,0,2,7,0.032258064516129,0.5,0,0.142857142857143,0,0,0,0,0,0.5,0.142857142857143,0,0,0,0,0.5,0.142857142857143,0.083333333333333,0,0.714285714285714,0
getOptimizer,36,6,1,26,3,0,1,47,13,13,0,0,142,190,2,0,0,2,0,0,0,2,1,1,0,5,7,0.052631578947369,0.142857142857143,0,0,0,0.142857142857143,0,0,0,0.5,0,0.142857142857143,0,0,0,0.5,0,0.142857142857143,0.043478260869565,0,1
resetCtx,13,2,0,17,0,0,0,15,21,11,0,0,65,83,10,0,1,16,0,0,0,10,21,8,0,63,62,0.434782608695652,1,0.666666666666667,0,0,1,0.666666666666667,0,0,1,0,1,0.8,0,0,1,0,0.8,0.666666666666667,0,0
initConnectionAndController,14,1,1,20,0,0,0,20,27,18,0,2,79,109,4,1,1,6,0,0,0,6,6,6,0,25,23,0.222222222222222,1,0.428571428571429,0.1,0.7,1,0.428571428571429,0.1,0.7,1,0.1,0.222222222222222,0,1,0,1,0.1,0.211538461538462,0,1,0
getGetOAuthRequest,11,5,0,9,1,0,0,13,7,1,0,0,37,74,3,1,0,3,0,0,0,3,0,0,0,7,14,0.214285714285714,1,0.5,0,0,0,0,0,0,1,0,0,0,0,0,1,0,1,0,0,0
validateParameters,20,4,1,23,4,0,0,29,18,18,0,2,91,157,19,1,1,9,4,0,0,19,12,9,3,58,86,0.487179487179487,1,1,0,0,1,1,0,0,1,0,1,0,0,0,1,0,1,0.386138613861386,0,0.833333333333333
deleteRowAt,1,0,0,3,0,0,0,4,0,1,0,0,8,12,3,1,1,3,0,0,0,8,2,0,0,16,60,0.75,1,0,0.333333333333333,0,0,0,0,0,1,0.333333333333333,1,0,0.666666666666667,0,1,0.333333333333333,0.666666666666667,0,1,0
use,11,1,1,6,2,0,0,17,8,11,0,0,36,68,2,0,1,1,0,0,0,2,1,0,0,7,19,0.153846153846154,0.5,0.333333333333333,0.333333333333333,0.333333333333333,0,0,0,0,1,0.166666666666667,0.111111111111111,0,0.833333333333333,0,1,0.166666666666667,0.092592592592593,0,0.833333333333333,0
dedupWithTableInfo,45,0,1,32,14,0,0,38,38,37,1,5,165,205,4,0,1,4,1,0,0,4,4,4,0,23,24,0.081632653061225,0.5,0.2,0.166666666666667,0.833333333333333,0.5,0.2,0.166666666666667,0.833333333333333,1,0.166666666666667,0.095238095238095,0,1,0,1,0.166666666666667,0.2,0.086956521739131,0.833333333333333,1
createCodecModel,27,10,1,11,2,0,1,30,6,7,0,1,67,130,2,0,0,1,0,0,0,2,0,0,0,3,7,0.068965517241379,0.5,0,0.222222222222222,0,0,0,0,0,1,0.111111111111111,0,0,0,0,1,0.111111111111111,0.25,0,0.444444444444444,0
testTransparentProxyWithQuery,1,1,1,0,0,0,0,0,0,0,0,0,2,2,30,4,1,25,4,0,0,30,12,7,2,107,203,0.967741935483871,1,0,0.083333333333333,0,1,0,0.166666666666667,0,1,0.083333333333333,1,0,0.583333333333333,0,1,0.583333333333333,1,0,0.666666666666667,0
computeRuleFlags,5,2,0,8,0,0,0,9,5,1,0,0,24,73,5,3,0,28,0,0,0,25,19,8,0,87,224,0.5,1,1,0,0,1,0,1,0,1,0,1,1,0,0,1,0,1,1,0,1
computePlatformCompilerFlags,5,3,1,9,0,0,0,9,7,2,0,0,29,88,4,0,0,9,0,0,0,5,3,0,0,18,48,0.444444444444444,1,1,0,0,0,0,0,0,1,1,1,0,1,0,1,0,1,0,1,0
computeRuleCompilerFlags,2,1,0,4,0,0,0,3,3,0,0,0,11,37,7,2,1,14,0,0,0,11,7,2,0,38,96,0.777777777777778,1,1,0,0,1,0,0,0,1,0,1,0.8,1,1,1,0,1,0.7,1,0
getShortErrorMessage,2,2,1,5,0,1,0,5,1,0,0,0,20,25,3,0,1,3,0,1,0,9,3,3,0,38,67,0.6,1,1,1,1,1,0,1,0,1,1,1,0,1,0,1,1,1,0,0,0
startRow,11,1,1,6,1,0,0,13,9,8,0,0,36,54,2,0,0,1,0,0,0,1,1,1,0,4,5,0.153846153846154,0.25,0,0.375,0,0.25,0,0.375,0,1,0.125,0.1,0,0.875,0,1,0.125,0.103448275862069,0,0.875,0
callProcedure,0,0,0,0,0,0,0,0,0,0,0,0,0,0,7,0,1,6,1,0,0,6,3,2,0,19,43,1,1,0,1,0,1,0,1,0,1,1,1,0,1,0,1,1,1,0,1,0
assertUdfsEnabled,3,0,1,1,1,0,0,0,1,0,0,0,5,5,10,0,1,2,1,0,1,15,1,0,0,27,190,0.769230769230769,1,0,0.5,0,0,0,0,0,1,0.5,0.5,0,1,0,1,0.5,1,0,0.5,0
assertExistsAndReturn,5,1,0,4,1,0,0,6,3,1,0,0,16,29,3,1,1,1,0,0,0,3,2,1,0,14,16,0.375,1,0,0.2,0,1,0,0.2,0,1,0.2,0.5,0,0.4,0,1,0.2,0.454545454545455,0,0.8,0
stringToPattern,8,4,0,1,0,0,0,15,1,0,0,1,32,31,6,3,1,3,0,0,0,14,1,1,0,27,29,0.428571428571429,1,1,0.166666666666667,0.166666666666667,1,0,0.166666666666667,0,1,0.166666666666667,1,0,0.166666666666667,0,1,0.166666666666667,0.523809523809524,0.444444444444444,1,0.666666666666667
assertExistsAndReturn,6,2,1,3,1,0,0,7,4,2,0,0,23,36,2,0,0,2,0,0,0,2,1,0,0,6,9,0.25,1,0.5,0.2,0.4,0,0,0,0,1,0.2,0.5,0,0.4,0,1,0.2,0.5,0.181818181818182,0.2,0.8
